,full_name,brand,capacity,cycle,size,energy_usage,blanket,wifi,load_sensor,delay,control_panel,vapor,anti_alergy,baby_p,sensitive_p,child_lock,price,image
0,Bosch WGA142X1TR 1200,Bosch,Orta Kapasite,Orta Devir,Standart Boyut,Az Önemli,VAR,YOK,YOK,VAR,VAR,YOK,VAR,YOK,VAR,VAR,4789.0, https://cdn.akakce.com/bosch/bosch-wga142x1tr-1200-devir-9-kg-z.jpg
1,Bosch WAU24T90TR 9,Bosch,Orta Kapasite,Orta Devir,Standart Boyut,Az Önemli,YOK,YOK,VAR,VAR,VAR,YOK,VAR,YOK,VAR,VAR,4400.0, https://cdn.akakce.com/bosch/bosch-wau24t90tr-9-kg-1200-devir-z.jpg
2,Samsung WW4000T WW90T4020CE/AH,Samsung,Orta Kapasite,Orta Devir,Standart Boyut,Önemsiz,YOK,YOK,YOK,YOK,VAR,VAR,YOK,YOK,YOK,VAR,4249.0, https://cdn.akakce.com/samsung/samsung-ww4000t-ww90t4020ce-ah-1200-devir-9-kg-z.jpg
3,Bosch WGA252X0TR 1200,Bosch,Orta Kapasite,Orta Devir,Standart Boyut,Az Önemli,VAR,YOK,YOK,VAR,VAR,YOK,VAR,YOK,VAR,VAR,5359.0, https://cdn.akakce.com/bosch/bosch-wga252x0tr-a-1200-devir-10-kg-z.jpg
4,Arçelik 10120 M,Arçelik,Orta Kapasite,Orta Devir,YOK,YOK,VAR,YOK,YOK,VAR,VAR,VAR,YOK,YOK,VAR,VAR,4536.99, https://cdn.akakce.com/arcelik/arcelik-10120-m-1200-devir-10-kg-z.jpg
5,Vestel CMI 97202,Vestel,Orta Kapasite,Orta Devir,Standart Boyut,Önemli,VAR,VAR,VAR,VAR,VAR,YOK,VAR,YOK,VAR,VAR,3719.07, https://iis-akakce.akamaized.net/p.z?%2F%2Fproductimages%2Ehepsiburada%2Enet%2Fs%2F116%2F600%2F110000064637180%2Ejpg
6,Arçelik 9100 M,Arçelik,Orta Kapasite,Orta Devir,YOK,Az Önemli,VAR,YOK,YOK,YOK,VAR,VAR,VAR,YOK,VAR,VAR,3937.89, https://cdn.akakce.com/arcelik/arcelik-9100-m-1000-devir-9-kg-z.jpg
7,LG F4R3VYW3WE 9,LG,Orta Kapasite,Yüksek Devir,Standart Boyut,Önemsiz,VAR,YOK,YOK,YOK,VAR,YOK,YOK,VAR,YOK,YOK,4549.0, https://cdn.akakce.com/z/lg/lg-f4r3vyw3we-9-kg-1400-devir.jpg
8,Samsung WW6000T WW10T604DLE1AH,Samsung,Yüksek Kapasite,Yüksek Devir,Standart Boyut,Önemli,YOK,VAR,YOK,VAR,VAR,VAR,YOK,VAR,VAR,VAR,5393.07, https://cdn.akakce.com/samsung/samsung-ww6000t-ww10t604dle1ah-wi-fi-10-5-kg-1400-devir-z.jpg
9,Arçelik 9120 M,Arçelik,Orta Kapasite,Orta Devir,YOK,Az Önemli,VAR,YOK,YOK,YOK,VAR,YOK,VAR,VAR,VAR,VAR,4137.98, https://cdn.akakce.com/arcelik/arcelik-9120-m-9-kg-1200-devir-z.jpg
10,Hoover HDQ 4119AMBS/1-S,Hoover,Yüksek Kapasite,Yüksek Devir,YOK,Önemli,YOK,VAR,YOK,VAR,VAR,YOK,VAR,YOK,VAR,VAR,5099.18, https://iis-akakce.akamaized.net/p.z?%2F%2Fimg%2Epttavm%2Ecom%2Fpimages%2F592%2F124%2F733%2F615c581e0eadf%2Ejpg%3Fv%3D201910111519
11,Bosch WGA254X0TR 1400,Bosch,Orta Kapasite,Yüksek Devir,Standart Boyut,Az Önemli,VAR,YOK,VAR,VAR,VAR,YOK,VAR,YOK,VAR,VAR,5599.0, https://cdn.akakce.com/bosch/bosch-wga254x0tr-a-1400-devir-10-kg-z.jpg
12,Siemens WG52A2X0TR 1200,Siemens,Orta Kapasite,Orta Devir,Standart Boyut,Az Önemli,VAR,YOK,YOK,VAR,VAR,YOK,VAR,VAR,VAR,VAR,5538.05, https://cdn.akakce.com/siemens/siemens-wg52a2x0tr-a-1200-devir-10-kg-z.jpg
13,Arçelik 7100 M,Arçelik,Orta Kapasite,Orta Devir,Standart Boyut,Çok Önemli,VAR,YOK,YOK,VAR,VAR,VAR,YOK,YOK,VAR,VAR,3218.95, https://cdn.akakce.com/arcelik/arcelik-7100-m-7-kg-1000-devir-z.jpg
14,Vestel CMI 76201,Vestel,Orta Kapasite,Orta Devir,YOK,Az Önemli,VAR,YOK,YOK,VAR,VAR,YOK,VAR,YOK,YOK,VAR,2650.0, https://iis-akakce.akamaized.net/p.z?%2F%2Fn11scdn%2Eakamaized%2Enet%2Fa1%2F1024%2Felektronik%2Fcamasir%2Dmakinesi%2Fvestel%2Dcmi%2D76201%2D1000%2Ddevir%2D7%2Dkg%2Dcamasir%2Dmakinesi%5F%5F0543177017094812%2Ejpg
15,Altus AL 10123,Altus,Orta Kapasite,Orta Devir,YOK,YOK,YOK,YOK,YOK,YOK,YOK,YOK,YOK,YOK,YOK,YOK,3478.2, https://iis-akakce.akamaized.net/p.z?%2F%2Fproductimages%2Ehepsiburada%2Enet%2Fs%2F75%2F600%2F110000016784156%2Ejpg
16,Bosch WGA141X0TR 1000,Bosch,Orta Kapasite,Orta Devir,Standart Boyut,Çok Önemli,VAR,YOK,VAR,VAR,VAR,YOK,VAR,VAR,VAR,VAR,4540.0, https://cdn.akakce.com/bosch/bosch-wga141x0tr-a-1000-devir-9-kg-z.jpg
17,Bosch WGA142X0TR 1200,Bosch,Orta Kapasite,Orta Devir,Standart Boyut,Çok Önemli,VAR,YOK,YOK,VAR,VAR,YOK,VAR,YOK,VAR,VAR,6696.0, https://cdn.akakce.com/bosch/bosch-wga142x0tr-a-1200-devir-9-kg-z.jpg
18,Siemens WG42A1X1TR 1200,Siemens,Orta Kapasite,Orta Devir,Standart Boyut,Az Önemli,VAR,YOK,VAR,VAR,VAR,YOK,YOK,YOK,VAR,VAR,4887.83, https://cdn.akakce.com/siemens/siemens-wg42a1x1tr-a-1200-devir-9-kg-z.jpg
19,Profilo CGA242X1TR 9,Profilo,Orta Kapasite,Orta Devir,YOK,Az Önemli,VAR,YOK,YOK,YOK,VAR,YOK,VAR,YOK,YOK,YOK,3949.0, https://cdn.akakce.com/profilo/profilo-cga242x1tr-9-kg-1200-devir-z.jpg
20,Electrolux EW6F3146EB PerfectCare,Electrolux,Orta Kapasite,Yüksek Devir,YOK,Önemsiz,VAR,YOK,YOK,VAR,VAR,VAR,VAR,YOK,VAR,VAR,4690.0, https://cdn.akakce.com/electrolux/electrolux-ew6f3146eb-perfectcare-a-1400-devir-10-kg-z.jpg
21,Beko CM 10120,Beko,Orta Kapasite,Orta Devir,YOK,Az Önemli,VAR,YOK,YOK,VAR,VAR,VAR,VAR,VAR,VAR,YOK,4999.0, https://iis-akakce.akamaized.net/p.z?%2F%2Fst1%2Emyideasoft%2Ecom%2Fidea%2Fho%2F77%2Fmyassets%2Fproducts%2F502%2Fbeko%2Dcm%2D10120%2Da%2Dcamasir%2Dmakinesi%2D1%2Ejpg%3Frevision%3D1614594345
22,Profilo CGA141X1TR 1000,Profilo,Orta Kapasite,Orta Devir,Standart Boyut,YOK,VAR,YOK,YOK,VAR,VAR,YOK,VAR,YOK,VAR,VAR,3913.44, https://iis-akakce.akamaized.net/p.z?%2F%2Fproductimages%2Ehepsiburada%2Enet%2Fs%2F72%2F600%2F110000013361342%2Ejpg
23,Bosch WGA141X1TR 1000,Bosch,Orta Kapasite,Orta Devir,YOK,Az Önemli,VAR,YOK,YOK,YOK,VAR,YOK,YOK,YOK,VAR,VAR,4598.0, https://cdn.akakce.com/bosch/bosch-wga141x1tr-1000-devir-9-kg-z.jpg
24,Arçelik 10120 MA,Arçelik,Orta Kapasite,Orta Devir,YOK,Az Önemli,VAR,YOK,YOK,YOK,VAR,YOK,VAR,YOK,VAR,VAR,5104.99, https://cdn.akakce.com/arcelik/arcelik-10120-ma-1200-devir-10-kg-z.jpg
25,Siemens WM12UT90TR 9,Siemens,Orta Kapasite,Orta Devir,Standart Boyut,Az Önemli,VAR,YOK,VAR,VAR,VAR,YOK,YOK,YOK,VAR,VAR,4335.0, https://cdn.akakce.com/siemens/siemens-wm12ut90tr-9-kg-1200-devir-z.jpg
26,Bosch WGA252XVTR 1200,Bosch,Orta Kapasite,Orta Devir,Standart Boyut,Az Önemli,VAR,YOK,YOK,VAR,VAR,YOK,VAR,YOK,VAR,VAR,5750.0, https://iis-akakce.akamaized.net/p.z?%2F%2Fst2%2Emyideasoft%2Ecom%2Fidea%2Fdr%2F49%2Fmyassets%2Fproducts%2F483%2Fbosch%2Dwga252xvtr%2D10%2Dkg%2D1200%2Ddevir%2Da%2Dcamasir%2Dmakinesi%2D40041%2Ejpg%3Frevision%3D1614685733
27,Vestel KCMI 98142,Vestel,Orta Kapasite,Yüksek Devir,Standart Boyut,Önemli,VAR,VAR,YOK,VAR,YOK,YOK,VAR,YOK,YOK,VAR,5399.0, https://cdn.akakce.com/vestel/vestel-kcmi-98142-g-wifi-1400-devir-9-kg-6-kg-kurutmali-z.jpg
28,Profilo CMU12T90TR 1200,Profilo,Orta Kapasite,Orta Devir,Standart Boyut,YOK,YOK,YOK,YOK,VAR,VAR,YOK,VAR,YOK,VAR,VAR,4161.0, https://cdn.akakce.com/profilo/profilo-cmu12t90tr-1200-devir-9-kg-z.jpg
29,LG F4V5RGP2T A,LG,Yüksek Kapasite,Yüksek Devir,YOK,Önemli,YOK,VAR,YOK,VAR,VAR,VAR,VAR,VAR,VAR,VAR,8999.0, https://cdn.akakce.com/lg/lg-f4v5rgp2t-a-wi-fi-1400-devir-10-5-kg-7-kg-kurutmali-z.jpg
30,LG F4V5RGP0W A,LG,Yüksek Kapasite,Yüksek Devir,YOK,Önemli,YOK,VAR,YOK,VAR,VAR,VAR,VAR,VAR,VAR,VAR,7898.0, https://cdn.akakce.com/lg/lg-f4v5rgp0w-a-wi-fi-1400-devir-10-5-kg-7-kg-kurutmali-z.jpg
31,LG F4V5RYP0W Wi-Fi,LG,Yüksek Kapasite,Yüksek Devir,YOK,Az Önemli,VAR,VAR,YOK,VAR,VAR,VAR,VAR,VAR,VAR,VAR,7299.0, https://iis-akakce.akamaized.net/p.z?%2F%2Fpicscdn%2Eredblue%2Ede%2Fdoi%2FASSET%5FMMS%5F75627177%2Ffee%5F786%5F587%5Fpng
32,Profilo CGA252X0TR 1200,Profilo,Orta Kapasite,Orta Devir,Standart Boyut,Az Önemli,VAR,YOK,YOK,VAR,VAR,YOK,VAR,YOK,VAR,VAR,4498.05, https://cdn.akakce.com/profilo/profilo-cga252x0tr-a-1200-devir-10-kg-z.jpg
33,Grundig GWM 27101,Grundig,Orta Kapasite,Orta Devir,YOK,Önemsiz,VAR,VAR,YOK,VAR,VAR,VAR,VAR,YOK,VAR,VAR,2597.1, https://cdn.akakce.com/grundig/grundig-gwm-27101-wi-fi-1000-devir-7-kg-z.jpg
34,Electrolux EW6F4923EB PerfectCare,Electrolux,Orta Kapasite,Orta Devir,YOK,Önemsiz,VAR,YOK,VAR,VAR,VAR,VAR,VAR,YOK,VAR,VAR,3998.01, https://cdn.akakce.com/electrolux/electrolux-ew6f4923eb-perfectcare-600-a-1200-devir-9-kg-z.jpg
35,Vestel CMI 108222,Vestel,Orta Kapasite,Orta Devir,Standart Boyut,Önemli,VAR,VAR,YOK,VAR,VAR,YOK,VAR,YOK,YOK,VAR,4202.67, https://cdn.akakce.com/z/vestel/vestel-cmi-108222-wifi-1200-devir-10-kg.jpg
36,Arçelik 9100 PM,Arçelik,Orta Kapasite,Orta Devir,Standart Boyut,Önemli,VAR,VAR,YOK,YOK,VAR,YOK,VAR,YOK,VAR,VAR,4825.0, https://iis-akakce.akamaized.net/p.z?%2F%2Fwww%2Emarkacenter%2Ecom%2FUploads%2FUrunResimleri%2Farcelik%2D9100%2Dpm%2Dcamasir%2Dmakinesi%2D2%2D858b%2Epng
37,Beko CM 9101,Beko,Orta Kapasite,Orta Devir,YOK,Az Önemli,VAR,YOK,YOK,YOK,VAR,YOK,YOK,VAR,VAR,VAR,3972.89, https://iis-akakce.akamaized.net/p.z?%2F%2Fst1%2Emyideasoft%2Ecom%2Fidea%2Fhi%2F25%2Fmyassets%2Fproducts%2F409%2F5%2Epng%3Frevision%3D1620830200
38,Electrolux EW8W2168LW PerfectCare,Electrolux,Orta Kapasite,Yüksek Devir,YOK,Önemli,YOK,YOK,YOK,YOK,VAR,YOK,YOK,YOK,YOK,VAR,8899.0, https://cdn.akakce.com/electrolux/electrolux-ew8w2168lw-perfectcare-a-1600-devir-10-kg-6-kg-kurutmali-z.jpg
39,Windsor WS 2710,Windsor,Orta Kapasite,Orta Devir,YOK,Önemli,YOK,YOK,YOK,YOK,YOK,YOK,YOK,YOK,YOK,YOK,2789.0, https://cdn.akakce.com/windsor/windsor-ws-2710-a-1000-devir-7-kg-z.jpg
40,Vestel CMI 87202,Vestel,Orta Kapasite,Orta Devir,Standart Boyut,Az Önemli,VAR,VAR,YOK,VAR,VAR,YOK,VAR,YOK,YOK,VAR,3136.9, https://iis-akakce.akamaized.net/p.z?%2F%2Fn11scdn%2Eakamaized%2Enet%2Fa1%2F1024%2Felektronik%2Fcamasir%2Dmakinesi%2Fvestel%2Dcmi%2D87202%2Dwifi%2D1000%2Ddevir%2D8%2Dkg%2Dcamasir%2Dmakinesi%5F%5F0191387730759135%2Ejpg
41,Hoover HDPD 4149AMBC/1-S,Hoover,Yüksek Kapasite,Yüksek Devir,YOK,Az Önemli,YOK,VAR,YOK,YOK,VAR,VAR,VAR,YOK,VAR,VAR,5819.0, https://iis-akakce.akamaized.net/p.z?%2F%2Fimg%2Epttavm%2Ecom%2Fpimages%2F592%2F124%2F731%2F615c57da007df%2Ejpg%3Fv%3D201910111519
42,Samsung WD6500T WD10T654DBE1AH,Samsung,Yüksek Kapasite,Yüksek Devir,Standart Boyut,Önemsiz,YOK,VAR,YOK,VAR,VAR,VAR,VAR,YOK,YOK,VAR,8018.2, https://cdn.akakce.com/samsung/samsung-wd6500t-wd10t654dbe1ah-air-wash-1400-devir-10-5-kg-6-kg-kurutmali-z.jpg
43,Samsung WW6000T WW10T604DLN1AH,Samsung,Yüksek Kapasite,Yüksek Devir,Standart Boyut,Önemli,YOK,VAR,YOK,VAR,VAR,VAR,YOK,VAR,VAR,VAR,5828.0, https://cdn.akakce.com/samsung/samsung-ww6000t-ww10t604dln1ah-10-5-kg-1400-devir-z.jpg
44,Windsor WS 2912,Windsor,Orta Kapasite,Orta Devir,Standart Boyut,Çok Önemli,YOK,YOK,YOK,YOK,VAR,YOK,YOK,YOK,YOK,VAR,2928.57, https://cdn.akakce.com/windsor/windsor-ws-2912-w-a-1200-devir-9-kg-z.jpg
45,LG F4V5RYP2T Wi-Fi,LG,Yüksek Kapasite,Yüksek Devir,YOK,Az Önemli,VAR,VAR,YOK,VAR,VAR,VAR,VAR,VAR,VAR,VAR,7439.07, https://cdn.akakce.com/lg/lg-f4v5ryp2t-wi-fi-a-1400-devir-10-5-kg-z.jpg
46,Altus AL 9103,Altus,Orta Kapasite,Orta Devir,YOK,Az Önemli,VAR,YOK,YOK,YOK,VAR,YOK,YOK,YOK,YOK,VAR,3334.99, https://cdn.akakce.com/altus/altus-al-9103-db-1000-devir-9-kg-z.jpg
47,Samsung WW4000T WW80T4020CE/AH,Samsung,Orta Kapasite,Orta Devir,Standart Boyut,Önemsiz,YOK,YOK,YOK,YOK,VAR,YOK,YOK,YOK,YOK,VAR,3890.68, https://iis-akakce.akamaized.net/p.z?%2F%2Fproductimages%2Ehepsiburada%2Enet%2Fs%2F142%2F600%2F110000095069479%2Ejpg
48,Samsung WW5000T WW90TA046AH/AH,Samsung,Orta Kapasite,Yüksek Devir,Standart Boyut,Önemli,YOK,YOK,YOK,YOK,VAR,VAR,YOK,YOK,VAR,VAR,4399.0, https://cdn.akakce.com/samsung/samsung-ww5000t-ww90ta046ah-ah-1400-devir-9-kg-z.jpg
49,Bosch WGA142XSTR 1200,Bosch,Orta Kapasite,Orta Devir,YOK,YOK,VAR,YOK,VAR,VAR,VAR,YOK,YOK,YOK,VAR,VAR,5199.0, https://cdn.akakce.com/bosch/bosch-wga142xstr-1200-devir-9-kg-z.jpg
50,Samsung WD5000T WD80TA046BE1AH,Samsung,Orta Kapasite,Yüksek Devir,Standart Boyut,Önemsiz,YOK,YOK,YOK,VAR,VAR,VAR,YOK,YOK,VAR,VAR,6999.0, https://cdn.akakce.com/samsung/samsung-wd5000t-wd80ta046be1ah-air-wash-1400-devir-8-kg-5-kg-kurutmali-z.jpg
51,Arçelik 9124 N,Arçelik,Orta Kapasite,Orta Devir,YOK,Önemli,VAR,YOK,YOK,VAR,VAR,VAR,YOK,YOK,VAR,VAR,6098.0, https://cdn.akakce.com/arcelik/arcelik-9124-n-mg-grion-1200-devir-9-kg-z.jpg
52,Grundig GWM 101414,Grundig,Orta Kapasite,Yüksek Devir,YOK,Az Önemli,VAR,VAR,YOK,VAR,VAR,VAR,VAR,YOK,VAR,VAR,3898.01, https://iis-akakce.akamaized.net/p.z?%2F%2Fproductimages%2Ehepsiburada%2Enet%2Fs%2F71%2F600%2F110000012630434%2Ejpg
53,Arçelik 8103 YD,Arçelik,Orta Kapasite,Orta Devir,YOK,Çok Önemli,VAR,YOK,YOK,VAR,VAR,VAR,VAR,YOK,VAR,VAR,4299.0, https://cdn.akakce.com/arcelik/arcelik-8103-yd-a-1000-devir-8-kg-z.jpg
54,Windsor WS 2810,Windsor,Orta Kapasite,Orta Devir,YOK,Önemli,YOK,YOK,YOK,YOK,YOK,YOK,YOK,YOK,YOK,YOK,2370.57, https://cdn.akakce.com/windsor/windsor-ws-2810-a-1000-devir-8-kg-z.jpg
55,LG F4R5VGW0W Wi-Fi,LG,Orta Kapasite,Yüksek Devir,YOK,Önemli,VAR,VAR,YOK,VAR,VAR,VAR,VAR,VAR,VAR,VAR,6199.0, https://cdn.akakce.com/lg/lg-f4r5vgw0w-wi-fi-1400-devir-9-kg-5-kg-kurutmali-z.jpg
56,Arçelik 7103 DY,Arçelik,Orta Kapasite,Orta Devir,Standart Boyut,Çok Önemli,VAR,YOK,YOK,YOK,VAR,YOK,YOK,YOK,VAR,VAR,3299.0, https://cdn.akakce.com/arcelik/arcelik-7103-dy-a-1000-devir-7-kg-z.jpg
57,Vestel CMI 128222,Vestel,Yüksek Kapasite,Orta Devir,YOK,Önemli,VAR,VAR,YOK,VAR,VAR,YOK,VAR,YOK,YOK,VAR,4198.0, https://cdn.akakce.com/z/vestel/vestel-cmi-128222-wifi-12-kg-1200-devir.jpg
58,Arçelik 9100 PMG,Arçelik,Orta Kapasite,Orta Devir,Standart Boyut,Önemli,VAR,VAR,YOK,YOK,VAR,VAR,VAR,YOK,VAR,VAR,5119.0, https://cdn.akakce.com/arcelik/arcelik-9100-pmg-1000-devir-9-kg-z.jpg
59,Vestel CMI 87102,Vestel,Orta Kapasite,Orta Devir,Standart Boyut,Az Önemli,VAR,VAR,YOK,VAR,VAR,YOK,VAR,YOK,VAR,VAR,3068.7, https://cdn.akakce.com/vestel/vestel-cmi-87102-wifi-a-1000-devir-8-kg-z.jpg
60,Electrolux EW6F421BT Perfectcare,Electrolux,Orta Kapasite,Orta Devir,YOK,YOK,VAR,YOK,YOK,YOK,VAR,YOK,VAR,YOK,VAR,YOK,4199.0, https://iis-akakce.akamaized.net/p.z?%2F%2Fcdn03%2Eciceksepeti%2Ecom%2Fcicek%2Fkcm56650852%2D1%2FM%2Felectrolux%2Dew6f421bt%2D10%2Dkg%2E%2D1200%2Ddevir%2Dcamasir%2Dmakinesi%2Dkcm56650852%2D1%2Dc03d72fcd5d04d9dbbc2d2d55475cc13%2Ejpg
61,Grundig GWM 81013,Grundig,Orta Kapasite,Orta Devir,Standart Boyut,Az Önemli,VAR,VAR,YOK,VAR,VAR,VAR,VAR,YOK,VAR,YOK,3389.0, https://cdn.akakce.com/grundig/grundig-gwm-81013-s-wi-fi-1000-devir-8-kg-z.jpg
62,Siemens WG54A2X0TR 1400,Siemens,Orta Kapasite,Yüksek Devir,Standart Boyut,Az Önemli,VAR,YOK,YOK,VAR,VAR,YOK,VAR,VAR,VAR,VAR,5699.0, https://iis-akakce.akamaized.net/p.z?%2F%2Fwww%2Eveyisoglugrup%2Ecom%2Fsiemens%2Dwg54a2x0tr%2D1400%2Ddevir%2D10%2Dkg%2Dcamasir%2Dmakinesi%2Dp%2D5261%2Ejpg
63,Vestel CMI 97102,Vestel,Orta Kapasite,Orta Devir,Standart Boyut,Az Önemli,VAR,VAR,YOK,VAR,VAR,YOK,VAR,YOK,YOK,VAR,3399.0, https://cdn.akakce.com/vestel/vestel-cmi-97102-wifi-1000-devir-9-kg-z.jpg
64,Seg SCM 6M1000,Seg,Düşük Kapasite,Orta Devir,YOK,Önemsiz,YOK,YOK,YOK,VAR,YOK,YOK,YOK,YOK,YOK,YOK,2036.03, https://cdn.akakce.com/seg/seg-scm-6m1000-1000-devir-6-kg-z.jpg
65,Siemens WN54A2X0TR 1400,Siemens,Orta Kapasite,Yüksek Devir,Standart Boyut,Önemli,YOK,YOK,YOK,VAR,VAR,YOK,YOK,YOK,VAR,VAR,13750.0, https://cdn.akakce.com/siemens/siemens-wn54a2x0tr-1400-devir-10-kg-6-kg-kurutmali-z.jpg
66,Samsung WD5000T WD90TA046BE1AH,Samsung,Orta Kapasite,Yüksek Devir,YOK,Önemsiz,YOK,YOK,YOK,VAR,VAR,VAR,YOK,YOK,VAR,VAR,8045.43, https://cdn.akakce.com/samsung/samsung-wd5000t-wd90ta046be1ah-air-wash-1400-devir-9-kg-6-kg-kurutmali-z.jpg
67,Bosch WAU24S90TR 1200,Bosch,Orta Kapasite,Orta Devir,YOK,Az Önemli,VAR,YOK,VAR,YOK,VAR,YOK,YOK,YOK,VAR,YOK,5672.07, https://cdn.akakce.com/bosch/bosch-wau24s90tr-1200-devir-9-kg-z.jpg
68,Seg SCM 7L1000,Seg,Orta Kapasite,Orta Devir,YOK,Önemsiz,YOK,YOK,YOK,VAR,VAR,YOK,YOK,YOK,VAR,VAR,2230.03, https://iis-akakce.akamaized.net/p.z?%2F%2Fproductimages%2Ehepsiburada%2Enet%2Fs%2F111%2F600%2F110000057813613%2Ejpg
69,Altus AL 7105,Altus,Orta Kapasite,Orta Devir,Standart Boyut,Önemsiz,VAR,YOK,YOK,YOK,VAR,YOK,VAR,YOK,VAR,YOK,2449.0, https://iis-akakce.akamaized.net/p.z?%2F%2Fimg%2Epttavm%2Ecom%2Fpimages%2F592%2F125%2F715%2F61652b31dfee0%2Ejpeg%3Fv%3D201910111519
70,Electrolux EW7W3164LB A,Electrolux,Orta Kapasite,Yüksek Devir,YOK,Önemsiz,YOK,YOK,YOK,VAR,VAR,YOK,VAR,YOK,VAR,VAR,9399.0, https://iis-akakce.akamaized.net/p.z?%2F%2Fn11scdn%2Eakamaized%2Enet%2Fa1%2F1024%2Felektronik%2Fcamasir%2Dmakinesi%2Felectrolux%2Dew7w3164lb%2Da%2D1600%2Ddevir%2D10%2Dkg%2Dyikama%2D6%2Dkg%2Dkurutma%2Dcamasir%2Dmakinesi%2Dbeyaz%5F%5F0342449070359071%2Ejpg
71,Bosch WAJ20181TR 1000,Bosch,Orta Kapasite,Orta Devir,Standart Boyut,Az Önemli,YOK,YOK,YOK,VAR,VAR,YOK,YOK,YOK,VAR,VAR,3999.0, https://iis-akakce.akamaized.net/p.z?%2F%2Fpicscdn%2Eredblue%2Ede%2Fdoi%2FASSET%5FMMS%5F81515992%2Ffee%5F786%5F587%5Fpng
72,Regal CM 101202,Regal,Orta Kapasite,Orta Devir,Standart Boyut,Önemsiz,VAR,YOK,YOK,YOK,VAR,YOK,VAR,YOK,YOK,VAR,3440.07, https://cdn.akakce.com/regal/regal-cm-101202-1200-devir-10-kg-z.jpg
73,Hoover H3DS 5106TAME-17,Hoover,Orta Kapasite,Yüksek Devir,Standart Boyut,Önemli,YOK,YOK,YOK,YOK,VAR,VAR,YOK,YOK,YOK,VAR,5043.03, https://iis-akakce.akamaized.net/p.z?%2F%2Fproductimages%2Ehepsiburada%2Enet%2Fs%2F102%2F600%2F110000045841030%2Ejpg
74,Bosch WAL28PH0TR ActiveOxygen,Bosch,Orta Kapasite,Yüksek Devir,Standart Boyut,Az Önemli,VAR,VAR,YOK,VAR,VAR,YOK,VAR,VAR,VAR,VAR,7449.0, https://cdn.akakce.com/bosch/bosch-wal28ph0tr-activeoxygen-a-1400-devir-10-kg-z.jpg
75,Grundig GWM 91014,Grundig,Orta Kapasite,Yüksek Devir,YOK,Önemli,VAR,VAR,YOK,VAR,VAR,VAR,VAR,YOK,VAR,VAR,3589.0, https://cdn.akakce.com/grundig/grundig-gwm-91014-wi-fi-9-kg-1000-devir-z.jpg
76,Beko BK 9101,Beko,Orta Kapasite,Orta Devir,YOK,Çok Önemli,VAR,YOK,YOK,YOK,VAR,YOK,YOK,VAR,VAR,VAR,4330.0, https://cdn.akakce.com/beko/beko-bk-9101-ey-a-1000-devir-9-kg-z.jpg
77,Vestfrost VF CM,Vestfrost,Orta Kapasite,Orta Devir,YOK,Çok Önemli,YOK,YOK,YOK,YOK,YOK,YOK,YOK,YOK,YOK,YOK,2798.0, https://iis-akakce.akamaized.net/p.z?%2F%2Fproductimages%2Ehepsiburada%2Enet%2Fs%2F40%2F600%2F10675967295538%2Ejpg
78,LG F4R5VGW2T Wi-Fi,LG,Orta Kapasite,Yüksek Devir,YOK,Önemli,YOK,VAR,YOK,VAR,VAR,VAR,YOK,VAR,YOK,VAR,7811.07, https://cdn.akakce.com/lg/lg-f4r5vgw2t-wi-fi-1400-devir-9-kg-5-kg-kurutmali-z.jpg
79,Bosch WGA142XVTR 1200,Bosch,Orta Kapasite,Orta Devir,Standart Boyut,Çok Önemli,VAR,YOK,VAR,VAR,VAR,YOK,VAR,VAR,VAR,VAR,5140.0, https://cdn.akakce.com/bosch/bosch-wga142xvtr-a-1200-devir-9-kg-gri-z.jpg
80,Vestel CMI 108122,Vestel,Orta Kapasite,Orta Devir,Standart Boyut,Az Önemli,VAR,VAR,YOK,VAR,VAR,YOK,VAR,YOK,YOK,YOK,3689.0, https://cdn.akakce.com/vestel/vestel-cmi-108122-wifi-a-1200-devir-10-kg-z.jpg
81,Electrolux EW8F229ST 1200,Electrolux,Orta Kapasite,Orta Devir,YOK,Az Önemli,VAR,YOK,YOK,VAR,VAR,VAR,VAR,YOK,VAR,VAR,5114.07, https://cdn.akakce.com/electrolux/electrolux-ew8f229st-a-1200-devir-9-kg-z.jpg
82,Altus AL 6103,Altus,Düşük Kapasite,Orta Devir,Standart Boyut,Çok Önemli,YOK,YOK,YOK,YOK,VAR,YOK,YOK,YOK,YOK,VAR,2297.93, https://iis-akakce.akamaized.net/p.z?%2F%2Fproductimages%2Ehepsiburada%2Enet%2Fs%2F75%2F600%2F110000016784154%2Ejpg
83,Electrolux EW6F449ST PerfectCare,Electrolux,Orta Kapasite,Yüksek Devir,YOK,Önemsiz,VAR,YOK,YOK,VAR,VAR,VAR,VAR,YOK,VAR,VAR,4131.55, https://cdn.akakce.com/electrolux/electrolux-ew6f449st-perfectcare-600-a-9-kg-1400-devir-z.jpg
84,Arçelik 9123 N,Arçelik,Orta Kapasite,Orta Devir,YOK,Çok Önemli,VAR,YOK,YOK,VAR,VAR,VAR,VAR,YOK,VAR,VAR,5999.0, https://cdn.akakce.com/arcelik/arcelik-9123-n-mg-a-1200-devir-9-kg-z.jpg
85,Arçelik 9103 YP,Arçelik,Orta Kapasite,Orta Devir,YOK,Çok Önemli,VAR,YOK,YOK,VAR,VAR,YOK,VAR,YOK,VAR,VAR,5068.5, https://cdn.akakce.com/arcelik/arcelik-9103-yp-a-1000-devir-9-kg-z.jpg
86,Arçelik 10145 WIFI,Arçelik,Orta Kapasite,Yüksek Devir,YOK,Önemli,VAR,VAR,YOK,YOK,VAR,VAR,YOK,YOK,VAR,VAR,6793.9, https://iis-akakce.akamaized.net/p.z?%2F%2Fst2%2Emyideasoft%2Ecom%2Fshop%2Fdv%2F76%2Fmyassets%2Fproducts%2F184%2Fimage%2Epng%3Frevision%3D1619986254
87,Hoover H3W 2102DE,Hoover,Orta Kapasite,Orta Devir,Standart Boyut,Önemsiz,YOK,YOK,YOK,VAR,VAR,YOK,VAR,YOK,VAR,VAR,3313.0, https://cdn.akakce.com/hoover/hoover-h3w-2102de-10-kg-1200-devir-z.jpg
88,Hoover HWP 49AMBCR/1-S,Hoover,Orta Kapasite,Yüksek Devir,Standart Boyut,Önemli,YOK,VAR,VAR,YOK,VAR,VAR,VAR,YOK,VAR,VAR,4100.0, https://cdn.akakce.com/hoover/hoover-hwp-49ambcr-1-s-1400-devir-9-kg-z.jpg
89,Arçelik 7100 MT,Arçelik,Orta Kapasite,Orta Devir,Standart Boyut,Önemsiz,VAR,YOK,YOK,YOK,VAR,YOK,VAR,YOK,VAR,VAR,3226.95, https://cdn.akakce.com/arcelik/arcelik-7100-mt-1000-devir-7-kg-z.jpg
90,Samsung WD6500T WD10T654DBN1AH,Samsung,Yüksek Kapasite,Yüksek Devir,Standart Boyut,Önemsiz,YOK,VAR,YOK,VAR,VAR,VAR,VAR,YOK,YOK,VAR,9323.25, https://cdn.akakce.com/samsung/samsung-wd6500t-wd10t654dbn1ah-air-wash-10-5-kg-6-kg-1400-devir-kurutmali-z.jpg
91,Profilo CMJ10181TR 1000,Profilo,Orta Kapasite,Orta Devir,YOK,Az Önemli,VAR,YOK,YOK,VAR,VAR,YOK,YOK,YOK,VAR,VAR,3695.7, https://cdn.akakce.com/profilo/profilo-cmj10181tr-1000-devir-8-kg-z.jpg
92,Bosch WAX28M80TR 1400,Bosch,Orta Kapasite,Yüksek Devir,Standart Boyut,Çok Önemli,VAR,VAR,VAR,VAR,VAR,YOK,VAR,YOK,VAR,YOK,9000.0, https://iis-akakce.akamaized.net/p.z?%2F%2Fst2%2Emyideasoft%2Ecom%2Fidea%2Fdr%2F49%2Fmyassets%2Fproducts%2F287%2F28m80%2D1%2Ejpg%3Frevision%3D1591015141
93,Siemens WM12TS80TR 9,Siemens,Orta Kapasite,Orta Devir,Standart Boyut,Çok Önemli,VAR,YOK,VAR,VAR,VAR,YOK,VAR,YOK,VAR,VAR,4969.0, https://cdn.akakce.com/siemens/siemens-wm12ts80tr-a-9-kg-1200-devir-z.jpg
94,Siemens WM12US90TR 1200,Siemens,Orta Kapasite,Orta Devir,Standart Boyut,Az Önemli,VAR,YOK,VAR,VAR,VAR,YOK,YOK,YOK,VAR,YOK,5077.8, https://iis-akakce.akamaized.net/p.z?%2F%2Fproductimages%2Ehepsiburada%2Enet%2Fs%2F80%2F600%2F110000021778973%2Ejpg
95,Profilo CGA254X0TR 1400,Profilo,Orta Kapasite,Yüksek Devir,Standart Boyut,Az Önemli,VAR,YOK,YOK,VAR,VAR,YOK,VAR,VAR,VAR,VAR,4975.5, https://cdn.akakce.com/profilo/profilo-cga254x0tr-a-1400-devir-10-kg-z.jpg
96,BEKO CM 9120,Beko,Orta Kapasite,Orta Devir,YOK,Az Önemli,VAR,YOK,YOK,VAR,VAR,YOK,YOK,VAR,VAR,VAR,4300.0, https://cdn.akakce.com/beko/beko-cm-9120-1200-devir-9-kg-z.jpg
97,Vestel CM 55181,Vestel,Düşük Kapasite,Düşük Devir,YOK,Önemsiz,VAR,VAR,YOK,YOK,VAR,YOK,VAR,YOK,YOK,VAR,2542.0, https://cdn.akakce.com/z/vestel/vestel-cm-55181-800-devir-5-kg.jpg
98,Grundig GWM 91435,Grundig,Orta Kapasite,Yüksek Devir,YOK,Önemli,VAR,YOK,YOK,YOK,VAR,YOK,VAR,YOK,YOK,VAR,3999.0, https://cdn.akakce.com/grundig/grundig-gwm-91435-1400-devir-9-kg-z.jpg
99,Arçelik 8123 YCM,Arçelik,Orta Kapasite,Orta Devir,YOK,Çok Önemli,VAR,YOK,YOK,VAR,VAR,YOK,VAR,YOK,VAR,VAR,4599.0, https://cdn.akakce.com/arcelik/arcelik-8123-ycm-a-1200-devir-8-kg-z.jpg
100,Altus AL 9101,Altus,Orta Kapasite,Orta Devir,YOK,Çok Önemli,VAR,YOK,YOK,YOK,VAR,YOK,VAR,YOK,YOK,YOK,3498.02, https://cdn.akakce.com/altus/altus-al-9101-md-a-1000-devir-9-kg-z.jpg
101,LG F4R5VYW0W 1400,LG,Orta Kapasite,Yüksek Devir,YOK,Önemsiz,VAR,VAR,YOK,VAR,VAR,VAR,VAR,VAR,VAR,VAR,6044.07, https://cdn.akakce.com/lg/lg-f4r5vyw0w-a-1400-devir-9-kg-z.jpg
102,Altus AL 7103,Altus,Orta Kapasite,Orta Devir,YOK,Önemsiz,YOK,YOK,YOK,VAR,VAR,YOK,YOK,YOK,YOK,VAR,2696.07, https://cdn.akakce.com/altus/altus-al-7103-l-7-kg-1000-devir-z.jpg
103,Samsung WW90J5475FW 1400,Samsung,Orta Kapasite,Yüksek Devir,Standart Boyut,Çok Önemli,YOK,YOK,YOK,VAR,VAR,YOK,YOK,VAR,VAR,VAR,5504.67, https://cdn.akakce.com/samsung/samsung-ww90j5475fw-a-1400-devir-9-kg-z.jpg
104,LG F4R3TYW3WE 1400,LG,Orta Kapasite,Yüksek Devir,Standart Boyut,Çok Önemli,VAR,YOK,YOK,YOK,VAR,YOK,VAR,VAR,YOK,YOK,4547.7, https://iis-akakce.akamaized.net/p.z?%2F%2Fproductimages%2Ehepsiburada%2Enet%2Fs%2F84%2F600%2F110000026703206%2Ejpg
105,Hoover HWP 414AMBC/1-17,Hoover,Yüksek Kapasite,Yüksek Devir,YOK,Önemli,VAR,VAR,YOK,YOK,VAR,YOK,YOK,YOK,YOK,VAR,4853.67, https://cdn.akakce.com/hoover/hoover-hwp-414ambc-1-17-wi-fi-14-kg-1400-devir-z.jpg
106,Arçelik 8100 MT,Arçelik,Orta Kapasite,Orta Devir,Standart Boyut,Az Önemli,VAR,YOK,VAR,VAR,VAR,YOK,VAR,YOK,VAR,VAR,3599.0, https://iis-akakce.akamaized.net/p.z?%2F%2Fst1%2Emyideasoft%2Ecom%2Fidea%2Fdc%2F39%2Fmyassets%2Fproducts%2F401%2F8100mt%2D1%2Epng%3Frevision%3D1617456642
107,Samsung WD6500T WD90T654DBE1AH,Samsung,Orta Kapasite,Yüksek Devir,YOK,Önemsiz,YOK,VAR,YOK,VAR,VAR,VAR,YOK,YOK,VAR,VAR,7599.2, https://cdn.akakce.com/samsung/samsung-wd90t654dbe1ah-1400-devir-9-kg-yikama-6-kg-kurutma-kapasiteli-kurutmali-camasir-makinasi-beyaz-z.jpg
108,Arçelik 8100 M,Arçelik,Orta Kapasite,Orta Devir,YOK,YOK,VAR,YOK,YOK,VAR,VAR,VAR,YOK,YOK,VAR,VAR,3818.0, https://cdn.akakce.com/arcelik/arcelik-8100-m-1000-devir-8-kg-z.jpg
109,Grundig GWM 91214,Grundig,Orta Kapasite,Orta Devir,YOK,Az Önemli,VAR,YOK,YOK,YOK,VAR,YOK,VAR,YOK,VAR,VAR,3849.27, https://iis-akakce.akamaized.net/p.z?%2F%2Fproductimages%2Ehepsiburada%2Enet%2Fs%2F71%2F600%2F110000013178153%2Ejpg
110,Seg CM 580,Seg,Düşük Kapasite,Düşük Devir,YOK,Önemsiz,YOK,YOK,YOK,VAR,YOK,YOK,YOK,YOK,YOK,YOK,1749.0, https://iis-akakce.akamaized.net/p.z?%2F%2Fayb%2Eakinoncdn%2Ecom%2Fproducts%2F2021%2F09%2F01%2F62635%2Fb1ce135a%2D6570%2D4ca6%2D9e0a%2D46f0c6e520c9%2Ejpg
111,Electrolux EW8W261BT 1600,Electrolux,Orta Kapasite,Yüksek Devir,YOK,Önemli,YOK,YOK,YOK,VAR,VAR,VAR,VAR,YOK,VAR,VAR,8834.07, https://cdn.akakce.com/electrolux/electrolux-ew8w261bt-1600-devir-10-kg-6-kg-kurutmali-z.jpg
112,Samsung WW90J5355FW/AH 1200,Samsung,Orta Kapasite,Orta Devir,Standart Boyut,Çok Önemli,YOK,YOK,YOK,VAR,VAR,YOK,YOK,VAR,YOK,VAR,4824.04, https://cdn.akakce.com/samsung/samsung-ww90j5355fw-ah-a-1200-devir-9-g-z.jpg
113,Altus AL 8103,Altus,Orta Kapasite,Orta Devir,Standart Boyut,YOK,VAR,YOK,VAR,VAR,VAR,YOK,YOK,YOK,YOK,VAR,2699.0, https://iis-akakce.akamaized.net/p.z?%2F%2Fimg%2Epttavm%2Ecom%2Fpimages%2F592%2F130%2F493%2F6186a6816ce23%2Ejpeg%3Fv%3D201910111519
114,Hoover H3WS 292DE/1-17,Hoover,Orta Kapasite,Orta Devir,Standart Boyut,Önemsiz,YOK,YOK,YOK,YOK,VAR,YOK,YOK,YOK,VAR,VAR,3169.02, https://cdn.akakce.com/hoover/hoover-h3ws-292de-1-17-1200-devir-9-kg-z.jpg
115,Altus AL 8105,Altus,Orta Kapasite,Orta Devir,Standart Boyut,Önemsiz,YOK,YOK,YOK,VAR,VAR,YOK,YOK,YOK,YOK,VAR,2766.75, https://cdn.akakce.com/z/altus/altus-al-8105-d-8kg-1000-devir-beyaz.jpg
116,Profilo CGA242X0TR 1200,Profilo,Orta Kapasite,Orta Devir,Standart Boyut,Çok Önemli,VAR,YOK,YOK,VAR,VAR,YOK,VAR,VAR,VAR,VAR,4520.0, https://cdn.akakce.com/profilo/profilo-cga242x0tr-a-1200-devir-9-kg-z.jpg
117,Bosch WAT24780TR 1200,Bosch,Orta Kapasite,Orta Devir,Standart Boyut,Çok Önemli,VAR,YOK,YOK,VAR,VAR,YOK,VAR,VAR,VAR,VAR,5750.0, https://cdn.akakce.com/bosch/bosch-wat24780tr-a-1200-devir-9-kg-z.jpg
118,Regal CMI 91002,Regal,Orta Kapasite,Orta Devir,Standart Boyut,Az Önemli,VAR,YOK,VAR,YOK,VAR,YOK,VAR,YOK,YOK,VAR,2955.97, https://cdn.akakce.com/regal/regal-cmi-91002-1000-devir-9-kg-z.jpg
119,Arçelik 9141 HJ,Arçelik,Orta Kapasite,Yüksek Devir,YOK,Çok Önemli,VAR,VAR,YOK,VAR,VAR,VAR,VAR,YOK,VAR,VAR,5099.0, https://cdn.akakce.com/arcelik/arcelik-9141-hj-ultra-hijyen-a-1400-devir-9-kg-z.jpg
120,Altus AL 7100,Altus,Orta Kapasite,Orta Devir,Standart Boyut,Çok Önemli,YOK,YOK,YOK,YOK,VAR,YOK,VAR,YOK,YOK,YOK,3255.0, https://cdn.akakce.com/altus/altus-al-7100-d-a-1000-devir-7-kg-z.jpg
121,Arçelik 10124 DA,Arçelik,Orta Kapasite,Orta Devir,YOK,Çok Önemli,VAR,YOK,YOK,VAR,VAR,VAR,VAR,YOK,VAR,YOK,6577.0, https://iis-akakce.akamaized.net/p.z?%2F%2Fn11scdn%2Eakamaized%2Enet%2Fa1%2F1024%2Felektronik%2Fcamasir%2Dmakinesi%2Farcelik%2D10124%2Dda%2Da%2D1200%2Ddevir%2D10%2Dkg%2Dcamasir%2Dmakinesi%5F%5F0123678903175064%2Epng
122,Altus AL 9123,Altus,Orta Kapasite,Orta Devir,YOK,Önemli,VAR,YOK,VAR,VAR,VAR,YOK,VAR,YOK,YOK,VAR,3719.07, https://cdn.akakce.com/altus/altus-al-9123-x-1200-devir-9-kg-z.jpg
123,Siemens WG41A1X1TR 1000,Siemens,Orta Kapasite,Orta Devir,YOK,Az Önemli,VAR,YOK,VAR,VAR,VAR,YOK,YOK,YOK,VAR,VAR,4674.18, https://cdn.akakce.com/siemens/siemens-wg41a1x1tr-1000-devir-9-kg-z.jpg
124,Hoover HW 210AMBS/1-17,Hoover,Orta Kapasite,Orta Devir,Standart Boyut,Önemli,VAR,VAR,YOK,VAR,VAR,YOK,YOK,YOK,YOK,VAR,3849.03, https://cdn.akakce.com/hoover/hoover-hw-210ambs-1-17-wi-fi-1200-devir-10-kg-z.jpg
125,Siemens WA14LQH0TR 1400,Siemens,Orta Kapasite,Yüksek Devir,Standart Boyut,Az Önemli,VAR,YOK,YOK,VAR,VAR,YOK,YOK,YOK,VAR,VAR,6742.5, https://cdn.akakce.com/siemens/siemens-wa14lqh0tr-a-1400-devir-10-kg-z.jpg
126,Arçelik 10141 PM,Arçelik,Orta Kapasite,Yüksek Devir,YOK,Önemli,VAR,VAR,YOK,VAR,VAR,VAR,VAR,YOK,YOK,VAR,6386.0, https://cdn.akakce.com/z/arcelik/arcelik-10141-pm.jpg
127,Samsung WW5000T WW90TA046AX/AH,Samsung,Orta Kapasite,Yüksek Devir,Standart Boyut,Önemli,YOK,YOK,VAR,VAR,VAR,VAR,YOK,YOK,VAR,VAR,5430.27, https://cdn.akakce.com/samsung/samsung-ww5000t-ww90ta046ax-ah-1400-devir-9-kg-z.jpg
128,Arçelik 6100 M,Arçelik,Düşük Kapasite,Orta Devir,YOK,YOK,YOK,YOK,YOK,VAR,VAR,YOK,YOK,YOK,YOK,VAR,2976.0, https://cdn.akakce.com/arcelik/arcelik-6100-m-1000-devir-6-kg-z.jpg
129,Beko CM 7100,Beko,Orta Kapasite,Orta Devir,Standart Boyut,Önemsiz,VAR,YOK,VAR,VAR,VAR,YOK,VAR,VAR,VAR,VAR,3399.0, https://cdn.akakce.com/beko/beko-cm-7100-t-1000-devir-7-kg-z.jpg
130,Bosch WDU28561TR 1400,Bosch,Orta Kapasite,Yüksek Devir,YOK,Önemsiz,YOK,YOK,YOK,YOK,VAR,YOK,YOK,YOK,YOK,VAR,13299.0, https://iis-akakce.akamaized.net/p.z?%2F%2Fwww%2Eaynigunkargo%2Ecom%2Fproductimages%2F617670%2Fbig%2Fwdu28561tr%5Fbosch%2Epng
131,Siemens WG42A1X0TR 1200,Siemens,Orta Kapasite,Orta Devir,Standart Boyut,Çok Önemli,VAR,YOK,YOK,VAR,VAR,YOK,VAR,VAR,VAR,VAR,5207.07, https://cdn.akakce.com/siemens/siemens-wg42a1x0tr-a-1200-devir-9-kg-z.jpg
132,Samsung WD90T654DBN1AH Air,Samsung,Orta Kapasite,Yüksek Devir,YOK,Önemsiz,YOK,VAR,YOK,VAR,VAR,VAR,YOK,YOK,VAR,VAR,8031.6, https://cdn.akakce.com/samsung/samsung-wd90t654dbn1ah-9-kg-6-kg-1400-devir-inox-kurutmali-z.jpg
133,Bosch WAL28QH0TR Home,Bosch,Orta Kapasite,Yüksek Devir,Standart Boyut,Az Önemli,VAR,VAR,YOK,VAR,VAR,YOK,VAR,YOK,VAR,VAR,7625.07, https://cdn.akakce.com/bosch/bosch-wal28qh0tr-home-connect-a-1400-devir-10-kg-z.jpg
134,Arçelik 12144 CMK,Arçelik,Yüksek Kapasite,Yüksek Devir,YOK,Az Önemli,VAR,VAR,YOK,VAR,VAR,YOK,VAR,YOK,VAR,VAR,6899.0, https://cdn.akakce.com/z/arcelik/arcelik-12144-cmk-1400-devir-12-kg.jpg
135,Vestel CMI 96201,Vestel,Orta Kapasite,Orta Devir,Standart Boyut,Az Önemli,VAR,YOK,YOK,VAR,VAR,YOK,VAR,YOK,YOK,VAR,3295.92, https://iis-akakce.akamaized.net/p.z?%2F%2Fproductimages%2Ehepsiburada%2Enet%2Fs%2F116%2F600%2F110000064636923%2Ejpg
136,Hoover WDXOA5106AH/1-17 1500,Hoover,Orta Kapasite,Yüksek Devir,YOK,Önemli,YOK,YOK,YOK,VAR,VAR,VAR,YOK,YOK,VAR,VAR,6249.0, https://iis-akakce.akamaized.net/p.z?%2F%2Fn11scdn%2Eakamaized%2Enet%2Fa1%2F1024%2Felektronik%2Fcamasir%2Dmakinesi%2Fhoover%2Dwdxoa%2D5106ah5%2D17%2Da%2D1500%2Ddevir%2D10%2Dkg%2Dyikama%2D6%2Dkg%2Dkurutma%2Dcamasir%2Dmakinesi%2Dbeyaz%5F%5F1401936708726016%2Ejpg
137,Profilo CGA252XVTR 1200,Profilo,Orta Kapasite,Orta Devir,Standart Boyut,Az Önemli,VAR,YOK,YOK,VAR,VAR,YOK,VAR,VAR,VAR,VAR,4806.24, https://cdn.akakce.com/profilo/profilo-cga252xvtr-a-1200-devir-10-kg-z.jpg
138,Profilo CGA242XVTR 1200,Profilo,Orta Kapasite,Orta Devir,Standart Boyut,Çok Önemli,VAR,YOK,YOK,VAR,VAR,YOK,VAR,VAR,VAR,VAR,4300.0, https://cdn.akakce.com/profilo/profilo-cga242xvtr-a-1200-devir-9-kg-z.jpg
139,Hoover H3WS 411TAME/1-17,Hoover,Yüksek Kapasite,Yüksek Devir,YOK,Önemli,YOK,YOK,YOK,VAR,VAR,VAR,VAR,YOK,VAR,VAR,4098.0, https://iis-akakce.akamaized.net/p.z?%2F%2Fproductimages%2Ehepsiburada%2Enet%2Fs%2F72%2F600%2F110000014167167%2Ejpg
140,Bosch WAW2856XTR 1400,Bosch,Orta Kapasite,Yüksek Devir,Standart Boyut,Çok Önemli,VAR,YOK,YOK,YOK,VAR,YOK,VAR,VAR,VAR,VAR,8299.0, https://cdn.akakce.com/bosch/bosch-waw2856xtr-a-1400-devir-9-kg-gri-z.jpg
141,Regal CM 71000,Regal,Orta Kapasite,Orta Devir,YOK,Önemsiz,YOK,YOK,YOK,YOK,YOK,YOK,YOK,YOK,VAR,VAR,2277.0, https://cdn.akakce.com/z/regal/regal-cm-71000-1000-devir-7-kg.jpg
142,Vestel CMI 128122,Vestel,Yüksek Kapasite,Orta Devir,YOK,Az Önemli,VAR,VAR,YOK,VAR,VAR,YOK,VAR,YOK,YOK,VAR,4452.8, https://cdn.akakce.com/vestel/vestel-cmi-128122-wifi-a-1400-devir-12-kg-z.jpg
143,Samsung WW4500T WW90T4540AE/AH,Samsung,Orta Kapasite,Yüksek Devir,Standart Boyut,Önemsiz,YOK,YOK,YOK,VAR,VAR,VAR,VAR,YOK,VAR,YOK,5149.0, https://cdn.akakce.com/samsung/samsung-ww4500t-ww90t4540ae-ah-1400-devir-9-kg-z.jpg
144,Regal CMI 101203,Regal,Orta Kapasite,Orta Devir,Standart Boyut,Az Önemli,VAR,YOK,YOK,YOK,VAR,YOK,VAR,YOK,YOK,VAR,3195.06, https://cdn.akakce.com/regal/regal-cmi-101203-1200-devir-10-kg-z.jpg
145,Siemens WG52A2XVTR 1200,Siemens,Orta Kapasite,Orta Devir,Standart Boyut,Az Önemli,VAR,YOK,YOK,VAR,VAR,YOK,VAR,VAR,VAR,VAR,6379.0, https://cdn.akakce.com/siemens/siemens-wg52a2xvtr-a-1200-devir-10-kg-z.jpg
146,LG F4R5VYW2T Wi-Fi,LG,Orta Kapasite,Yüksek Devir,YOK,Önemsiz,VAR,VAR,YOK,VAR,VAR,VAR,VAR,VAR,VAR,VAR,6199.0, https://cdn.akakce.com/lg/lg-f4r5vyw2t-wi-fi-a-1400-devir-9-kg-z.jpg
147,Arçelik 9146 YK,Arçelik,Orta Kapasite,Yüksek Devir,YOK,Önemli,YOK,YOK,YOK,VAR,VAR,YOK,VAR,YOK,VAR,VAR,7699.0, https://iis-akakce.akamaized.net/p.z?%2F%2Fst1%2Emyideasoft%2Ecom%2Fidea%2Fek%2F13%2Fmyassets%2Fproducts%2F317%2Fimage%2D7%2Epng%3Frevision%3D1634562602
148,Vestel CMI 106221,Vestel,Orta Kapasite,Orta Devir,Standart Boyut,Az Önemli,VAR,YOK,YOK,VAR,VAR,YOK,VAR,YOK,VAR,VAR,3830.53, https://iis-akakce.akamaized.net/p.z?%2F%2Fn11scdn%2Eakamaized%2Enet%2Fa1%2F1024%2Felektronik%2Fcamasir%2Dmakinesi%2Fvestel%2Dcmi%2D106221%2D1200%2Ddevir%2D10%2Dkg%2Dcamasir%2Dmakinesi%5F%5F0753596656591319%2Ejpg
149,Grundig GWM 101445,Grundig,Orta Kapasite,Yüksek Devir,YOK,Önemli,VAR,YOK,YOK,YOK,VAR,YOK,VAR,YOK,VAR,VAR,4599.0, https://cdn.akakce.com/grundig/grundig-gwm-101445-wi-fi-1400-devir-10-kg-z.jpg
150,Beko WD 964,Beko,Orta Kapasite,Yüksek Devir,YOK,Önemli,YOK,YOK,YOK,VAR,VAR,YOK,YOK,VAR,VAR,VAR,7700.0, https://cdn.akakce.com/beko/beko-wd-964-yk-a-1400-devir-9-kg-6-kg-kurutmali-z.jpg
151,Bosch WAT246H0TR Home,Bosch,Orta Kapasite,Orta Devir,Standart Boyut,Çok Önemli,VAR,VAR,VAR,VAR,VAR,YOK,VAR,VAR,VAR,VAR,6425.37, https://cdn.akakce.com/bosch/bosch-wat246h0tr-home-connect-a-1200-devir-9-kg-z.jpg
152,Regal CMI 121202,Regal,Yüksek Kapasite,Orta Devir,YOK,Az Önemli,VAR,YOK,VAR,YOK,VAR,YOK,VAR,YOK,YOK,VAR,3848.0, https://iis-akakce.akamaized.net/p.z?%2F%2Fproductimages%2Ehepsiburada%2Enet%2Fs%2F69%2F600%2F110000010197685%2Ejpg
153,Regal CM 68000,Regal,Düşük Kapasite,Düşük Devir,YOK,Önemsiz,YOK,YOK,YOK,YOK,YOK,YOK,YOK,YOK,VAR,VAR,2249.0, https://iis-akakce.akamaized.net/p.z?%2F%2Fstatics%2Evestel%2Ecom%2Etr%2Fproductimages%2F20264299%5Fr1%2Ejpg
154,Samsung WW4000T WW70T4020CE/AH,Samsung,Orta Kapasite,Orta Devir,Standart Boyut,Önemsiz,YOK,YOK,YOK,YOK,VAR,VAR,VAR,YOK,YOK,VAR,3939.0, https://cdn.akakce.com/z/samsung/samsung-ww4000t-ww70t4020ce-ah-1200-devir-7-kg.jpg
155,Bosch WNA254X0TR 10,Bosch,Orta Kapasite,Yüksek Devir,Standart Boyut,Önemli,YOK,YOK,YOK,VAR,VAR,VAR,YOK,YOK,VAR,YOK,11556.0, https://cdn.akakce.com/bosch/bosch-wna254x0tr-10-kg-6-kg-1400-devir-kurutmali-z.jpg
156,Arçelik 9123 YCM,Arçelik,Orta Kapasite,Orta Devir,YOK,Çok Önemli,VAR,YOK,YOK,VAR,VAR,YOK,VAR,YOK,VAR,VAR,5574.0, https://cdn.akakce.com/arcelik/arcelik-9123-ycm-a-1200-devir-9-kg-z.jpg
157,Electrolux EW8F2166MA 10,Electrolux,Orta Kapasite,Yüksek Devir,YOK,Az Önemli,VAR,YOK,YOK,VAR,VAR,YOK,YOK,YOK,VAR,VAR,7298.0, https://cdn.akakce.com/electrolux/electrolux-ew8f2166ma-a-10-kg-1600-devir-z.jpg
158,Arçelik 8051 YK,Arçelik,Orta Kapasite,YOK,Standart Boyut,YOK,VAR,VAR,YOK,VAR,VAR,VAR,VAR,YOK,VAR,VAR,6750.0, https://iis-akakce.akamaized.net/p.z?%2F%2Fwww%2Emarkacenter%2Ecom%2FUploads%2FUrunResimleri%2Farcelik%2D8051%2Dyk%2Dkurutmali%2Dcamasir%2Dmaki%2D6e8%2Dbb%2Epng
159,Vestel CMI 76101,Vestel,Orta Kapasite,Orta Devir,YOK,Az Önemli,VAR,YOK,YOK,YOK,VAR,VAR,VAR,YOK,YOK,VAR,2959.0, https://iis-akakce.akamaized.net/p.z?%2F%2Fcdn%2Edsmcdn%2Ecom%2Fty28%2Fproduct%2Fmedia%2Fimages%2F20201201%2F14%2F34086228%2F101956512%2F1%2F1%5Forg%5Fzoom%2Ejpg
160,Hoover HWP 610AMBC,Hoover,Orta Kapasite,Yüksek Devir,Standart Boyut,Önemli,YOK,VAR,YOK,YOK,VAR,YOK,YOK,VAR,YOK,VAR,4298.01, https://iis-akakce.akamaized.net/p.z?%2F%2Fproductimages%2Ehepsiburada%2Enet%2Fs%2F102%2F600%2F110000045842758%2Ejpg
161,Samsung WW10T634DLE1AH Wi-Fi,Samsung,Yüksek Kapasite,Yüksek Devir,Standart Boyut,Önemli,YOK,VAR,YOK,VAR,VAR,VAR,YOK,YOK,VAR,VAR,6023.0, https://cdn.akakce.com/samsung/samsung-ww10t634dle1ah-wi-fi-10-5-kg-1400-devir-z.jpg
162,Arçelik 9121 PM,Arçelik,Orta Kapasite,Orta Devir,YOK,Önemli,VAR,VAR,YOK,VAR,VAR,YOK,VAR,YOK,YOK,VAR,5395.0, https://cdn.akakce.com/z/arcelik/arcelik-9121-pm-1200-devir-9-kg.jpg
163,Hoover H3DS495TAME 9,Hoover,Orta Kapasite,Yüksek Devir,YOK,Önemli,YOK,YOK,YOK,VAR,VAR,VAR,YOK,YOK,YOK,VAR,4598.01, https://iis-akakce.akamaized.net/p.z?%2F%2Fproductimages%2Ehepsiburada%2Enet%2Fs%2F102%2F600%2F110000045842753%2Ejpg
164,Beko BK 9121,Beko,Orta Kapasite,Orta Devir,YOK,Çok Önemli,VAR,YOK,YOK,VAR,VAR,YOK,YOK,VAR,VAR,VAR,4499.0, https://cdn.akakce.com/beko/beko-bk-9121-ey-a-1200-devir-9-kg-z.jpg
165,Beko CM 7100.1,Beko,Orta Kapasite,Orta Devir,Standart Boyut,Önemsiz,VAR,YOK,YOK,VAR,VAR,VAR,YOK,VAR,VAR,VAR,3419.0, https://cdn.akakce.com/beko/beko-cm-7100-1000-devir-7-kg-z.jpg
166,Candy COW 4852,Candy,Orta Kapasite,Yüksek Devir,YOK,Önemli,YOK,VAR,YOK,YOK,VAR,YOK,YOK,YOK,YOK,YOK,3359.04, https://cdn.akakce.com/candy/candy-cow-4852-d-1-s-1400-devir-8-kg-5-kg-kurutmali-z.jpg
167,Bosch WAT24480TR A+++,Bosch,Orta Kapasite,Orta Devir,Standart Boyut,Çok Önemli,VAR,YOK,YOK,VAR,VAR,YOK,VAR,VAR,VAR,VAR,7075.44, https://iis-akakce.akamaized.net/p.z?%2F%2Fproductimages%2Ehepsiburada%2Enet%2Fs%2F18%2F600%2F9805383925810%2Ejpg
168,LG F4J5VNP3W A+++,LG,Orta Kapasite,Yüksek Devir,YOK,Çok Önemli,YOK,YOK,YOK,VAR,VAR,YOK,YOK,VAR,VAR,VAR,4882.5, https://cdn.akakce.com/lg/lg-f4j5vnp3w-a-1400-devir-9-kg-z.jpg
169,Arçelik 10144 YCM,Arçelik,Orta Kapasite,Yüksek Devir,YOK,Önemli,VAR,YOK,YOK,YOK,VAR,YOK,VAR,YOK,VAR,VAR,6387.0, https://cdn.akakce.com/arcelik/arcelik-10144-ycm-1400-devir-10-kg-z.jpg
170,Arçelik 8120 PMG,Arçelik,Orta Kapasite,Orta Devir,YOK,Az Önemli,VAR,YOK,YOK,YOK,VAR,VAR,VAR,YOK,YOK,VAR,4649.0, https://iis-akakce.akamaized.net/p.z?%2F%2Fwww%2Eciftcioglultd%2Ecom%2FUploads%2FUrunResimleri%2Fbuyuk%2Farcelik%2D8120%2Dpmg%2D8%2Dkg%2D1200%2Ddevir%2Dcamas%2D1891c9%2Epng
171,Samsung WW10T634DLN1AH Wi-Fi,Samsung,Yüksek Kapasite,Yüksek Devir,Standart Boyut,Önemli,YOK,VAR,YOK,VAR,VAR,VAR,YOK,YOK,VAR,YOK,6549.0, https://iis-akakce.akamaized.net/p.z?%2F%2Fn11scdn%2Eakamaized%2Enet%2Fa1%2F1024%2Felektronik%2Fcamasir%2Dmakinesi%2Fsamsung%2Dww10t634dln1ah%2D1400%2Ddevir%2D105%2Dkg%2Dcamasir%2Dmakinesi%5F%5F0283835084835792%2Epng
172,Hoover H3WS 29TAME/1-17,Hoover,Orta Kapasite,Orta Devir,YOK,Önemli,YOK,YOK,YOK,VAR,VAR,VAR,YOK,YOK,VAR,VAR,3548.83, https://cdn.akakce.com/hoover/hoover-h3ws-29tame-1-17-1200-devir-9-kg-z.jpg
173,Arçelik 9120 CS,Arçelik,Orta Kapasite,Orta Devir,YOK,Çok Önemli,VAR,YOK,YOK,VAR,VAR,YOK,VAR,YOK,VAR,VAR,5259.0, https://cdn.akakce.com/arcelik/arcelik-9120-cs-ultra-hijyen-a-9-kg-1200-devir-z.jpg
174,Beko BK 8101,Beko,Orta Kapasite,Orta Devir,YOK,Çok Önemli,VAR,YOK,YOK,VAR,VAR,YOK,YOK,VAR,VAR,VAR,4294.0, https://cdn.akakce.com/beko/beko-bk-8101-eys-a-1000-devir-8-kg-gri-z.jpg
175,Beko BK 9101.1,Beko,Orta Kapasite,Orta Devir,YOK,Çok Önemli,VAR,YOK,YOK,YOK,VAR,YOK,YOK,VAR,VAR,VAR,4590.0, https://cdn.akakce.com/beko/beko-bk-9101-eys-a-1000-devir-9-kg-gri-z.jpg
176,LG F4J6VYP0W 1400,LG,Orta Kapasite,Yüksek Devir,YOK,Çok Önemli,YOK,YOK,YOK,VAR,VAR,VAR,VAR,VAR,VAR,VAR,5499.0, https://cdn.akakce.com/lg/lg-f4j6vyp0w-a-1400-devir-9-kg-z.jpg
177,Siemens WM12T581TR 1200,Siemens,Orta Kapasite,Orta Devir,Standart Boyut,Çok Önemli,VAR,YOK,YOK,VAR,VAR,YOK,VAR,YOK,VAR,VAR,5812.5, https://cdn.akakce.com/siemens/siemens-wm12t581tr-a-1200-devir-9-kg-z.jpg
178,Bosch WAW28560TR 1400,Bosch,Orta Kapasite,Yüksek Devir,Standart Boyut,Çok Önemli,VAR,YOK,YOK,VAR,VAR,YOK,VAR,VAR,VAR,VAR,7800.0, https://cdn.akakce.com/bosch/bosch-waw28560tr-a-1400-devir-9-kg-z.jpg
179,Bosch WAT24S80TR i-Dos,Bosch,Orta Kapasite,Orta Devir,Standart Boyut,Çok Önemli,VAR,YOK,VAR,YOK,VAR,YOK,VAR,VAR,VAR,VAR,5990.0, https://cdn.akakce.com/bosch/bosch-wat24s80tr-i-dos-a-1200-devir-9-kg-z.jpg
180,Beko KM 91,Beko,Orta Kapasite,YOK,YOK,YOK,YOK,YOK,YOK,YOK,YOK,YOK,YOK,YOK,YOK,YOK,4989.0, https://iis-akakce.akamaized.net/p.z?%2F%2Fwww%2Egizerler%2Ecom%2Fassets%2Fproduct%2Dimages%2F129000%2Fbeko%2Dkm%2D91%2Db%2D9%2Dkg%2Da%2Dcamasir%2Dkurutma%2Dmakinesi%5F52679%2Ejpg
181,Vestel CMI 98222,Vestel,Orta Kapasite,Orta Devir,Standart Boyut,Önemli,VAR,VAR,YOK,VAR,VAR,YOK,VAR,YOK,VAR,VAR,3999.0, https://iis-akakce.akamaized.net/p.z?%2F%2Fimg%2Epttavm%2Ecom%2Fpimages%2F592%2F132%2F701%2F619f441de150d%2Ejpg%3Fv%3D201910111519
182,Windsor WS 4914,Windsor,Orta Kapasite,Yüksek Devir,YOK,YOK,YOK,YOK,YOK,YOK,YOK,YOK,YOK,YOK,YOK,YOK,3942.27, https://cdn.akakce.com/windsor/windsor-ws-4914-1400-devir-9-kg-6-kg-kurutmali-z.jpg
183,Electrolux EW9F161BT PerfectCare,Electrolux,Orta Kapasite,Yüksek Devir,YOK,YOK,YOK,YOK,YOK,YOK,VAR,VAR,YOK,YOK,VAR,VAR,8750.0, https://iis-akakce.akamaized.net/p.z?%2F%2Fn11scdn%2Eakamaized%2Enet%2Fa1%2F1024%2Felektronik%2Fcamasir%2Dmakinesi%2Felectrolux%2Dew9f161bt%2Dperfectcare%2D900%2D1600%2Ddevir%2D10%2Dkg%2Dcamasir%2Dmakinesi%5F%5F1012770434304700%2Ejpg
184,Siemens WG42A1XSTR 1400,Siemens,Orta Kapasite,Yüksek Devir,Standart Boyut,Az Önemli,VAR,YOK,YOK,VAR,VAR,YOK,YOK,YOK,VAR,VAR,5875.0, https://cdn.akakce.com/siemens/siemens-wg42a1xstr-a-1400-devir-9-kg-z.jpg
185,Samsung WW4000T WW80T4020CX/AH,Samsung,Orta Kapasite,Orta Devir,Standart Boyut,YOK,YOK,YOK,YOK,YOK,VAR,VAR,YOK,YOK,YOK,VAR,4142.22, https://iis-akakce.akamaized.net/p.z?%2F%2Fproductimages%2Ehepsiburada%2Enet%2Fs%2F76%2F600%2F110000017561907%2Ejpg
186,Windsor WS 2510,Windsor,Düşük Kapasite,Orta Devir,YOK,Önemli,YOK,YOK,YOK,YOK,YOK,YOK,YOK,YOK,YOK,YOK,2091.57, https://iis-akakce.akamaized.net/p.z?%2F%2Fproductimages%2Ehepsiburada%2Enet%2Fs%2F41%2F600%2F10702193000498%2Ejpg
187,Beko BK 9121.1,Beko,Orta Kapasite,Orta Devir,YOK,Önemli,VAR,VAR,YOK,YOK,VAR,YOK,VAR,VAR,YOK,VAR,6015.06, https://cdn.akakce.com/beko/beko-bk-9121-bti-1200-devir-9-kg-z.jpg
188,Bood 3 kg,Bood,YOK,YOK,YOK,YOK,YOK,YOK,YOK,YOK,YOK,YOK,YOK,YOK,YOK,YOK,969.99, https://cdn.akakce.com/bood/bood-3-kg-tasinabilir-mini-z.jpg
189,Profilo 9 Kg,Profilo,Orta Kapasite,Orta Devir,YOK,YOK,YOK,YOK,YOK,YOK,YOK,YOK,YOK,YOK,YOK,YOK,4500.0, https://iis-akakce.akamaized.net/p.z?%2F%2Fcdn%2Edsmcdn%2Ecom%2Fty108%2Fproduct%2Fmedia%2Fimages%2F20210428%2F16%2F83509282%2F168215789%2F1%2F1%5Forg%5Fzoom%2Ejpg
190,Vestfrost VF 8201,Vestfrost,Orta Kapasite,Orta Devir,YOK,Çok Önemli,YOK,YOK,YOK,VAR,VAR,YOK,YOK,YOK,YOK,VAR,3229.0, https://iis-akakce.akamaized.net/p.z?%2F%2Fcdn%2Edsmcdn%2Ecom%2Fty104%2Fproduct%2Fmedia%2Fimages%2F20210416%2F11%2F80595543%2F153000079%2F1%2F1%5Forg%5Fzoom%2Ejpg
191,Vestel CMI 98142,Vestel,Orta Kapasite,Yüksek Devir,Standart Boyut,Çok Önemli,YOK,VAR,YOK,VAR,VAR,YOK,VAR,VAR,YOK,VAR,3998.07, https://iis-akakce.akamaized.net/p.z?%2F%2Fproductimages%2Ehepsiburada%2Enet%2Fs%2F48%2F600%2F10938722648114%2Ejpg
192,Hoover HWPDQ 410AMBCR/-S,Hoover,Orta Kapasite,Yüksek Devir,Standart Boyut,Önemli,YOK,VAR,VAR,YOK,VAR,YOK,VAR,VAR,VAR,VAR,4329.0, https://cdn.akakce.com/hoover/hoover-hwpdq-410ambcr-s-10-kg-a-enerji-verimlilik-sinifi-wi-fi-bluetooth-baglantili-1400-devir-siyah-z.jpg
193,Samsung WW10T754DBX1AH Wi-Fi,Samsung,Yüksek Kapasite,Yüksek Devir,Standart Boyut,Önemli,YOK,VAR,YOK,VAR,VAR,VAR,YOK,VAR,VAR,VAR,8040.0, https://cdn.akakce.com/samsung/samsung-ww10t754dbx1ah-wi-fi-10-5-kg-1400-devir-z.jpg
194,Samsung WW10T754DBH1AH Wi-Fi,Samsung,Yüksek Kapasite,Yüksek Devir,Standart Boyut,YOK,YOK,VAR,YOK,VAR,VAR,VAR,YOK,VAR,VAR,VAR,8349.0, https://cdn.akakce.com/samsung/samsung-ww10t754dbh1ah-wi-fi-10-5-kg-1400-devir-z.jpg
195,Vestel CMI 98122,Vestel,Orta Kapasite,Orta Devir,Standart Boyut,Az Önemli,VAR,VAR,YOK,VAR,VAR,VAR,VAR,YOK,YOK,VAR,3987.84, https://cdn.akakce.com/vestel/vestel-cmi-98122-g-wifi-a-1200-devir-9-kg-z.jpg
196,Siemens WM12T6H0TR i-Dos,Siemens,Orta Kapasite,Orta Devir,Standart Boyut,Çok Önemli,VAR,VAR,VAR,VAR,VAR,YOK,VAR,YOK,VAR,VAR,6579.06, https://cdn.akakce.com/siemens/siemens-wm12t6h0tr-i-dos-a-1200-devir-9-kg-z.jpg
197,Altus AL 9123.1,Altus,Orta Kapasite,Orta Devir,YOK,Önemli,VAR,YOK,YOK,VAR,VAR,VAR,VAR,YOK,VAR,VAR,3781.88, https://cdn.akakce.com/altus/altus-al-9123-xs-1200-devir-9-kg-z.jpg
198,Beko BK 10142,Beko,Orta Kapasite,Yüksek Devir,YOK,Önemli,VAR,YOK,VAR,VAR,VAR,VAR,VAR,YOK,VAR,VAR,5950.0, https://cdn.akakce.com/beko/beko-bk-10142-ey-1400-devir-10-kg-z.jpg
199,Siemens WA14LPH0TR 1400,Siemens,Orta Kapasite,Yüksek Devir,Standart Boyut,Az Önemli,VAR,YOK,YOK,VAR,VAR,YOK,VAR,VAR,VAR,VAR,8499.0, https://cdn.akakce.com/siemens/siemens-wa14lph0tr-a-1400-devir-10-kg-z.jpg
200,Bosch WAT24581TR 1200,Bosch,Orta Kapasite,Orta Devir,Standart Boyut,Çok Önemli,VAR,YOK,YOK,VAR,VAR,YOK,VAR,VAR,VAR,VAR,7579.5, https://cdn.akakce.com/bosch/bosch-wat24581tr-a-1200-devir-9-kg-z.jpg
201,Vestel CMI 109222,Vestel,Orta Kapasite,Orta Devir,YOK,Önemli,VAR,VAR,YOK,YOK,VAR,YOK,VAR,YOK,VAR,VAR,4678.55, https://cdn.akakce.com/z/vestel/vestel-cmi-109222-wifi-1200-devir-10-kg.jpg
202,Arçelik 8103 YP,Arçelik,Orta Kapasite,Orta Devir,YOK,Çok Önemli,VAR,YOK,YOK,VAR,VAR,YOK,VAR,YOK,VAR,VAR,5105.7, https://cdn.akakce.com/arcelik/arcelik-8103-yp-a-1000-devir-8-kg-z.jpg
203,Vestel CMI 108242,Vestel,Orta Kapasite,Yüksek Devir,Standart Boyut,Önemli,YOK,VAR,YOK,VAR,VAR,YOK,VAR,VAR,YOK,VAR,4699.0, https://cdn.akakce.com/z/vestel/vestel-cmi-108242-g-gi-pro-wifi-10-kg-1400-devir.jpg
204,Altus AL 9103.1,Altus,Orta Kapasite,Orta Devir,YOK,Az Önemli,VAR,YOK,VAR,YOK,VAR,YOK,YOK,YOK,VAR,VAR,3325.9, https://cdn.akakce.com/altus/altus-al-9103-ds-1000-devir-9-kg-z.jpg
205,Beko BK 9141,Beko,Orta Kapasite,Yüksek Devir,YOK,Çok Önemli,VAR,YOK,YOK,VAR,VAR,VAR,VAR,VAR,YOK,VAR,5774.9, https://cdn.akakce.com/beko/beko-bk-9141-hj-a-1400-devir-9-kg-z.jpg
206,Arçelik 6083 L,Arçelik,Düşük Kapasite,Düşük Devir,YOK,Çok Önemli,YOK,YOK,YOK,VAR,VAR,YOK,YOK,YOK,YOK,VAR,2999.0, https://cdn.akakce.com/arcelik/arcelik-6083-l-a-800-devir-6-kg-z.jpg
207,Arçelik 8051 YKI,Arçelik,Orta Kapasite,YOK,Standart Boyut,Önemsiz,VAR,YOK,YOK,VAR,VAR,VAR,YOK,YOK,YOK,VAR,7695.0, https://iis-akakce.akamaized.net/p.z?%2F%2Fwww%2Egizerler%2Ecom%2Fassets%2Fproduct%2Dimages%2F126000%2Farcelik%2D8051%2Dyki%2D8%2Dkg5%2Dkg%2D1000%2Ddevir%2Dinox%2Dkurutmali%2Dcamasir%2Dmakinesi%5F51852%2Ejpg
208,Profilo CGA242XSTR 1200,Profilo,Orta Kapasite,Orta Devir,YOK,YOK,YOK,YOK,YOK,YOK,YOK,YOK,YOK,YOK,YOK,YOK,4324.5, https://iis-akakce.akamaized.net/p.z?%2F%2Fproductimages%2Ehepsiburada%2Enet%2Fs%2F131%2F600%2F110000082177304%2Ejpg
209,LG F2K2CHK2T 1100,LG,Yüksek Kapasite,Orta Devir,Büyük Boyut,Az Önemli,VAR,VAR,YOK,VAR,VAR,VAR,VAR,VAR,VAR,VAR,27999.0, https://iis-akakce.akamaized.net/p.z?%2F%2Fn11scdn%2Eakamaized%2Enet%2Fa1%2F1024%2Felektronik%2Fcamasir%2Dmakinesi%2Flg%2Df2k2chk2t%2Da%2D1000%2Ddevir%2D17%2Dkg%2Dyikama%2D10%2Dkg%2Dkurutma%2Dcamasir%2Dmakinesi%2Dinox%5F%5F1009114414255470%2Ejpg
210,Hotpoint-Ariston FCPR 10430,Hotpoint-Ariston,Orta Kapasite,Yüksek Devir,YOK,Çok Önemli,YOK,YOK,YOK,YOK,YOK,YOK,YOK,YOK,YOK,YOK,3905.07, https://cdn.akakce.com/hotpoint-ariston/hotpoint-ariston-fcpr-10430-a-1400-devir-10-kg-z.jpg
211,Hoover H3W 2102DRRE/1-17,Hoover,Orta Kapasite,Orta Devir,Standart Boyut,Önemsiz,YOK,YOK,YOK,YOK,VAR,YOK,YOK,YOK,YOK,VAR,3998.07, https://cdn.akakce.com/hoover/hoover-h3w-2102drre-1-17-10-kg-1200-devir-z.jpg
212,Regal CMI 91003,Regal,Orta Kapasite,Orta Devir,YOK,YOK,YOK,YOK,YOK,YOK,YOK,YOK,YOK,YOK,YOK,YOK,3007.06, https://cdn.akakce.com/regal/regal-cmi-91003-1000-devir-9-kg-z.jpg
213,Altus 7100 ML,Altus,Orta Kapasite,Orta Devir,Standart Boyut,Çok Önemli,YOK,YOK,YOK,YOK,YOK,YOK,YOK,YOK,YOK,VAR,3233.02, https://cdn.akakce.com/altus/altus-7100-ml-a-1000-devir-7-kg-z.jpg
214,Siemens 1200 Devir,Siemens,Orta Kapasite,YOK,YOK,YOK,YOK,YOK,YOK,YOK,YOK,YOK,YOK,YOK,YOK,YOK,5629.35, https://iis-akakce.akamaized.net/p.z?%2F%2Fcdn%2Edsmcdn%2Ecom%2Fty50%2Fproduct%2Fmedia%2Fimages%2F20210112%2F9%2F51915249%2F98731892%2F1%2F1%5Forg%5Fzoom%2Ejpg
215,Profilo CMH140LTR Ultra,Profilo,Orta Kapasite,Yüksek Devir,Standart Boyut,Çok Önemli,VAR,YOK,YOK,VAR,VAR,YOK,VAR,VAR,VAR,VAR,5951.07, https://iis-akakce.akamaized.net/p.z?%2F%2Fproductimages%2Ehepsiburada%2Enet%2Fs%2F58%2F600%2F11340016386098%2Ejpg
216,Arçelik 9121 CS,Arçelik,Orta Kapasite,Orta Devir,YOK,Önemli,VAR,YOK,VAR,YOK,VAR,YOK,VAR,YOK,VAR,VAR,5669.0, https://cdn.akakce.com/arcelik/arcelik-9121-cs-1200-devir-9-kg-z.jpg
217,Vestel CMI 86201,Vestel,Orta Kapasite,Orta Devir,YOK,Az Önemli,VAR,YOK,YOK,VAR,VAR,YOK,VAR,YOK,YOK,VAR,3049.0, https://iis-akakce.akamaized.net/p.z?%2F%2Fcdn%2Edsmcdn%2Ecom%2Fty174%2Fproduct%2Fmedia%2Fimages%2F20210916%2F7%2F130943776%2F243054071%2F0%2F0%5Forg%5Fzoom%2Ejpg
218,Samsung WW90T3040BW/AH 1400,Samsung,Orta Kapasite,Yüksek Devir,YOK,Çok Önemli,YOK,YOK,YOK,VAR,VAR,YOK,YOK,VAR,YOK,VAR,4862.97, https://iis-akakce.akamaized.net/p.z?%2F%2Fproductimages%2Ehepsiburada%2Enet%2Fs%2F50%2F600%2F11022285766706%2Ejpg
219,Beko BK 9102,Beko,Orta Kapasite,Orta Devir,YOK,Önemli,VAR,VAR,YOK,VAR,VAR,VAR,YOK,VAR,YOK,VAR,4975.0, https://iis-akakce.akamaized.net/p.z?%2F%2Fst2%2Emyideasoft%2Ecom%2Fidea%2Fch%2F46%2Fmyassets%2Fproducts%2F966%2F9102%2Dey%2D1%2Epng%3Frevision%3D1634561087
220,Siemens WM14T480TR 1400,Siemens,Orta Kapasite,Yüksek Devir,YOK,Çok Önemli,YOK,YOK,YOK,YOK,YOK,YOK,YOK,YOK,YOK,YOK,5499.0, https://cdn.akakce.com/siemens/siemens-wm14t480tr-a-1400-devir-9-kg-z.jpg
221,SEG SCM 10E14,Seg,YOK,YOK,YOK,YOK,YOK,YOK,YOK,YOK,YOK,YOK,YOK,YOK,YOK,YOK,3191.3, https://iis-akakce.akamaized.net/p.z?%2F%2Fproductimages%2Ehepsiburada%2Enet%2Fs%2F146%2F600%2F110000100293759%2Ejpg
222,Arçelik 8145 YK,Arçelik,Orta Kapasite,Yüksek Devir,YOK,Önemli,YOK,YOK,YOK,YOK,YOK,YOK,YOK,YOK,YOK,YOK,7425.0, https://iis-akakce.akamaized.net/p.z?%2F%2Fn11scdn%2Eakamaized%2Enet%2Fa1%2F1024%2Felektronik%2Fcamasir%2Dmakinesi%2Farcelik%2D8145%2Dyk%2Da%2D1400%2Ddevir%2D8%2Dkg%2Dyikama%2D5%2Dkg%2Dkurutma%2Dcamasir%2Dmakinesi%2Dbeyaz%5F%5F0402253625783050%2Epng
223,Altus AL 5803,Altus,Düşük Kapasite,Düşük Devir,YOK,Önemsiz,YOK,YOK,VAR,VAR,YOK,YOK,YOK,YOK,YOK,VAR,2199.0, https://cdn.akakce.com/altus/altus-al-5803-ml-800-devir-5-kg-z.jpg
224,Hoover DWOL 413AHC3/1-S,Hoover,Yüksek Kapasite,Yüksek Devir,YOK,Çok Önemli,YOK,VAR,YOK,VAR,VAR,VAR,YOK,YOK,YOK,VAR,5208.0, https://cdn.akakce.com/hoover/hoover-dwol-413ahc3-1-s-wi-fi-a-1400-devir-13-kg-z.jpg
225,Grundig GWM 71012,Grundig,Orta Kapasite,Orta Devir,YOK,YOK,YOK,YOK,YOK,YOK,YOK,YOK,YOK,YOK,YOK,YOK,3189.0, https://iis-akakce.akamaized.net/p.z?%2F%2Fproductimages%2Ehepsiburada%2Enet%2Fs%2F71%2F600%2F110000012630441%2Ejpg
226,Altus AL 9101.1,Altus,Orta Kapasite,Orta Devir,YOK,Çok Önemli,VAR,YOK,YOK,YOK,VAR,YOK,VAR,YOK,VAR,YOK,3999.0, https://cdn.akakce.com/altus/altus-al-9101-d-a-1000-devir-9-kg-z.jpg
227,Nexon NXN WM,Nexon,Orta Kapasite,Orta Devir,YOK,YOK,YOK,YOK,YOK,VAR,VAR,YOK,YOK,YOK,YOK,VAR,2324.07, https://iis-akakce.akamaized.net/p.z?%2F%2Fproductimages%2Ehepsiburada%2Enet%2Fs%2F121%2F600%2F110000071218950%2Ejpg
228,Regal CM 91002,Regal,Orta Kapasite,Orta Devir,Standart Boyut,Önemsiz,VAR,YOK,YOK,YOK,VAR,YOK,VAR,YOK,YOK,VAR,2998.0, https://cdn.akakce.com/regal/regal-cm-91002-1000-devir-9-kg-z.jpg
229,Grundig GWM 10401,Grundig,Orta Kapasite,Yüksek Devir,YOK,Çok Önemli,VAR,YOK,YOK,VAR,VAR,YOK,YOK,YOK,VAR,VAR,5147.01, https://cdn.akakce.com/grundig/grundig-gwm-10401-a-1400-devir-10-kg-z.jpg
230,Beko BK 9122,Beko,Orta Kapasite,Orta Devir,YOK,Önemli,VAR,YOK,VAR,VAR,VAR,VAR,VAR,VAR,VAR,VAR,5670.0, https://iis-akakce.akamaized.net/p.z?%2F%2Fi1%2Ewp%2Ecom%2Fwww%2Ebekoanabayisi%2Ecom%2Fwp%2Dcontent%2Fuploads%2F2021%2F05%2FBeko%2DBK%2D9122%2DPR%2DCamasir%2DMakinesi%2Dfiyatlari%2Ejpg%3Ffit%3D500%252C500%26ssl%3D1
231,Teka TK3 1490,Teka,Orta Kapasite,Yüksek Devir,Standart Boyut,Önemli,YOK,YOK,YOK,VAR,VAR,YOK,YOK,YOK,YOK,VAR,5950.0, https://cdn.akakce.com/teka/teka-tk3-1490-wd-a-1400-devir-9-kg-6-kg-kurutmali-z.jpg
232,Vestel CMI 96221,Vestel,Orta Kapasite,Orta Devir,Standart Boyut,Az Önemli,VAR,YOK,YOK,VAR,VAR,YOK,VAR,YOK,VAR,VAR,3586.0, https://iis-akakce.akamaized.net/p.z?%2F%2Fn11scdn%2Eakamaized%2Enet%2Fa1%2F1024%2Felektronik%2Fcamasir%2Dmakinesi%2Fvestel%2Dcmi%2D96221%2D1200%2Ddevir%2D9%2Dkg%2Dcamasir%2Dmakinesi%5F%5F1259038173970615%2Ejpg
233,Bosch WAX28M8XTR 1400,Bosch,Orta Kapasite,Yüksek Devir,Standart Boyut,Çok Önemli,VAR,VAR,VAR,VAR,VAR,YOK,VAR,YOK,VAR,VAR,10899.0, https://cdn.akakce.com/bosch/bosch-wax28m8xtr-a-1400-devir-10-kg-z.jpg
234,Beko BK 8121,Beko,Orta Kapasite,Orta Devir,YOK,Çok Önemli,VAR,YOK,YOK,YOK,VAR,YOK,YOK,VAR,VAR,VAR,3994.9, https://cdn.akakce.com/beko/beko-bk-8121-ey-a-1200-devir-8-kg-z.jpg
235,Bosch WAX28EH1TR Home,Bosch,Orta Kapasite,Yüksek Devir,Standart Boyut,Az Önemli,YOK,VAR,YOK,YOK,VAR,YOK,YOK,YOK,YOK,VAR,12265.0, https://iis-akakce.akamaized.net/p.z?%2F%2Fwww%2Eaynigunkargo%2Ecom%2FProductImages%2F617674%2Fbig%2Fwax28eh1tr%2Epng
236,Bosch WDU28560TR 1400,Bosch,Orta Kapasite,Yüksek Devir,YOK,Önemli,YOK,YOK,YOK,VAR,VAR,VAR,VAR,YOK,VAR,VAR,16368.0, https://iis-akakce.akamaized.net/p.z?%2F%2Fproductimages%2Ehepsiburada%2Enet%2Fs%2F32%2F600%2F10354663063602%2Ejpg
237,Seg SCM 9100,Seg,Orta Kapasite,Orta Devir,YOK,Çok Önemli,YOK,YOK,YOK,VAR,VAR,YOK,YOK,YOK,VAR,VAR,2947.17, https://iis-akakce.akamaized.net/p.z?%2F%2Fproductimages%2Ehepsiburada%2Enet%2Fs%2F22%2F600%2F9988349526066%2Ejpg
238,Vestel CMI 108142,Vestel,Orta Kapasite,Yüksek Devir,Standart Boyut,Az Önemli,YOK,VAR,YOK,VAR,VAR,YOK,VAR,VAR,VAR,VAR,4787.64, https://cdn.akakce.com/vestel/vestel-cmi-108142-g-gi-pro-wifi-1400-devir-10-kg-z.jpg
239,Bosch WAX28EH0TR i-DOS,Bosch,Orta Kapasite,Yüksek Devir,Standart Boyut,Çok Önemli,VAR,VAR,VAR,VAR,VAR,YOK,VAR,YOK,VAR,VAR,11499.0, https://cdn.akakce.com/bosch/bosch-wax28eh0tr-i-dos-a-1400-devir-10-kg-z.jpg
240,Electrolux EW6F4822AB 1200,Electrolux,Orta Kapasite,Orta Devir,YOK,Önemsiz,VAR,YOK,YOK,YOK,VAR,VAR,VAR,YOK,VAR,VAR,4111.0, https://cdn.akakce.com/electrolux/electrolux-ew6f4822ab-a-1200-devir-8-kg-z.jpg
241,Vestfrost VF CM.1,Vestfrost,Orta Kapasite,Orta Devir,YOK,Çok Önemli,YOK,YOK,YOK,YOK,YOK,YOK,YOK,YOK,YOK,YOK,2598.01, https://iis-akakce.akamaized.net/p.z?%2F%2Fproductimages%2Ehepsiburada%2Enet%2Fs%2F40%2F600%2F10675967098930%2Ejpg
242,Silverline WM14028W01 1200,Silverline,Orta Kapasite,Orta Devir,YOK,Çok Önemli,YOK,YOK,YOK,YOK,VAR,YOK,YOK,YOK,YOK,VAR,3450.0, https://cdn.akakce.com/silverline/silverline-wm14028w01-a-1200-devir-9-kg-z.jpg
243,Siemens WM14W56XTR 1400,Siemens,Orta Kapasite,Yüksek Devir,Standart Boyut,Çok Önemli,VAR,YOK,YOK,VAR,VAR,YOK,VAR,YOK,YOK,VAR,10299.0, https://cdn.akakce.com/siemens/siemens-wm14w56xtr-a-1400-devir-9-kg-z.jpg
244,Samsung WD90K6B10OS AddWash,Samsung,Orta Kapasite,Yüksek Devir,YOK,YOK,YOK,YOK,YOK,VAR,VAR,YOK,VAR,VAR,YOK,VAR,8395.0, https://iis-akakce.akamaized.net/p.z?%2F%2Fn11scdn%2Eakamaized%2Enet%2Fa1%2F1024%2Felektronik%2Fcamasir%2Dmakinesi%2Fsamsung%2Dwd90k6b10os%2Dah%2Db%2D9%2Dkg%2Dyikama%2D6%2Dkg%2Dkurutma%2Dcamasir%2Dmakinesi%2Dgumus%5F%5F0912821996951362%2Ejpg
245,Siemens WD14U560TR A,Siemens,Orta Kapasite,Yüksek Devir,YOK,Önemli,YOK,YOK,YOK,VAR,VAR,YOK,VAR,VAR,VAR,VAR,13499.0, https://cdn.akakce.com/siemens/siemens-wd14u560tr-a-1400-devir-10-kg-6-kg-kurutmali-z.jpg
246,Arçelik 9141 PMG,Arçelik,Orta Kapasite,Yüksek Devir,Standart Boyut,YOK,VAR,VAR,YOK,YOK,VAR,YOK,VAR,YOK,VAR,VAR,5988.0, https://cdn.akakce.com/z/arcelik/arcelik-9141-pmg.jpg
247,Vestel CM 55081,Vestel,Düşük Kapasite,Düşük Devir,YOK,Önemsiz,VAR,YOK,YOK,YOK,VAR,YOK,VAR,YOK,YOK,YOK,2250.0, https://cdn.akakce.com/vestel/vestel-cm-55081-a-800-devir-5-kg-z.jpg
248,Bosch WAX28FH0TR 1400,Bosch,Orta Kapasite,Yüksek Devir,Standart Boyut,Çok Önemli,VAR,VAR,VAR,VAR,VAR,YOK,YOK,YOK,VAR,VAR,10950.0, https://cdn.akakce.com/bosch/bosch-wax28fh0tr-a-1400-devir-10-kg-z.jpg
249,Arçelik 8050 YK,Arçelik,Orta Kapasite,Yüksek Devir,Standart Boyut,Önemli,VAR,VAR,YOK,VAR,VAR,YOK,YOK,YOK,VAR,VAR,6249.0, https://cdn.akakce.com/arcelik/arcelik-8050-yk-8-kg-5-kg-1400-devir-kurutmali-z.jpg
250,Beko CM 8100,Beko,Orta Kapasite,Orta Devir,YOK,Az Önemli,VAR,YOK,YOK,YOK,VAR,VAR,YOK,VAR,VAR,VAR,3900.0, https://cdn.akakce.com/beko/beko-cm-8100-1000-devir-8-kg-z.jpg
251,Hoover AWMPD 410LH8/1-S,Hoover,Orta Kapasite,Yüksek Devir,YOK,Çok Önemli,YOK,YOK,YOK,VAR,VAR,VAR,YOK,YOK,YOK,VAR,4324.41, https://cdn.akakce.com/hoover/hoover-awmpd-410lh8-1-s-a-1400-devir-10-kg-z.jpg
252,Profilo CMK1000TR 1000,Profilo,Orta Kapasite,Orta Devir,Standart Boyut,Çok Önemli,VAR,YOK,VAR,YOK,VAR,YOK,VAR,YOK,VAR,YOK,3987.0, https://cdn.akakce.com/profilo/profilo-cmk1000tr-a-1000-devir-8-kg-z.jpg
253,Samsung WW90K5410UW AddWash,Samsung,Orta Kapasite,Yüksek Devir,Standart Boyut,Çok Önemli,YOK,YOK,YOK,VAR,VAR,YOK,YOK,VAR,VAR,VAR,6137.07, https://iis-akakce.akamaized.net/p.z?%2F%2Fproductimages%2Ehepsiburada%2Enet%2Fs%2F20%2F600%2F9872667967538%2Ejpg
254,Arçelik 10143 CMK,Arçelik,Orta Kapasite,Yüksek Devir,YOK,Çok Önemli,VAR,YOK,YOK,VAR,VAR,VAR,VAR,YOK,YOK,VAR,7499.0, https://cdn.akakce.com/arcelik/arcelik-10143-cmk-a-1400-devir-10-kg-z.jpg
255,LG FH2J3TDNP0 A+++,LG,Orta Kapasite,Orta Devir,YOK,Çok Önemli,YOK,YOK,YOK,YOK,VAR,YOK,YOK,YOK,YOK,VAR,4299.0, https://iis-akakce.akamaized.net/p.z?%2F%2Fst3%2Emyideasoft%2Ecom%2Fidea%2Fib%2F40%2Fmyassets%2Fproducts%2F268%2F1%2Ejpg%3Frevision%3D1628494217
256,Arçelik 9124 YCM,Arçelik,Orta Kapasite,Orta Devir,YOK,Önemli,VAR,YOK,YOK,VAR,VAR,YOK,YOK,YOK,VAR,VAR,5399.0, https://cdn.akakce.com/arcelik/arcelik-9124-ycm-1200-devir-9-kg-z.jpg
257,Siemens WM12T780TR sensoFresh,Siemens,Orta Kapasite,Orta Devir,Standart Boyut,Çok Önemli,VAR,YOK,YOK,VAR,VAR,YOK,VAR,VAR,VAR,VAR,7723.0, https://cdn.akakce.com/siemens/siemens-wm12t780tr-sensofresh-a-1200-devir-9-kg-z.jpg
258,Finlux Konfor 71100,Finlux,Orta Kapasite,Orta Devir,YOK,YOK,YOK,YOK,YOK,YOK,YOK,YOK,YOK,YOK,YOK,YOK,2399.0, https://iis-akakce.akamaized.net/p.z?%2F%2Fcdn%2Edsmcdn%2Ecom%2Fty236%2Fproduct%2Fmedia%2Fimages%2F20211110%2F11%2F173282936%2F301830175%2F1%2F1%5Forg%5Fzoom%2Ejpg
259,Altus AL 9120,Altus,Orta Kapasite,Orta Devir,YOK,Çok Önemli,VAR,YOK,YOK,YOK,VAR,YOK,YOK,YOK,VAR,VAR,4605.06, https://iis-akakce.akamaized.net/p.z?%2F%2Fproductimages%2Ehepsiburada%2Enet%2Fs%2F19%2F600%2F9836965396530%2Ejpg
260,Beko BK 9120,Beko,Orta Kapasite,Orta Devir,YOK,Çok Önemli,VAR,YOK,YOK,VAR,VAR,YOK,VAR,VAR,VAR,VAR,5099.0, https://cdn.akakce.com/beko/beko-bk-9120-cs-a-1200-devir-9-kg-z.jpg
261,Siemens WG42A1XVTR 1200,Siemens,Orta Kapasite,Orta Devir,Standart Boyut,Çok Önemli,VAR,YOK,YOK,VAR,VAR,YOK,VAR,VAR,VAR,VAR,5850.0, https://cdn.akakce.com/siemens/siemens-wg42a1xvtr-a-1200-devir-9-kg-gri-z.jpg
262,Profilo CGA141X0TR 1000,Profilo,Orta Kapasite,Orta Devir,Standart Boyut,Çok Önemli,VAR,YOK,YOK,VAR,VAR,YOK,VAR,YOK,VAR,VAR,4556.07, https://cdn.akakce.com/profilo/profilo-cga141x0tr-a-1000-devir-9-kg-z.jpg
263,Siemens WM14XM80TR 1400,Siemens,Orta Kapasite,Yüksek Devir,Standart Boyut,Çok Önemli,VAR,VAR,VAR,VAR,VAR,YOK,YOK,YOK,VAR,VAR,12249.0, https://cdn.akakce.com/siemens/siemens-wm14xm80tr-a-1400-devir-10-kg-z.jpg
264,Profilo CMH140DTR 1400,Profilo,Orta Kapasite,Yüksek Devir,Standart Boyut,Çok Önemli,VAR,YOK,YOK,VAR,VAR,YOK,VAR,VAR,VAR,VAR,5391.87, https://cdn.akakce.com/profilo/profilo-cmh140dtr-a-1400-devir-9-kg-z.jpg
265,Seg SCM 1012,Seg,Orta Kapasite,Orta Devir,YOK,Çok Önemli,YOK,YOK,YOK,YOK,YOK,YOK,YOK,YOK,YOK,YOK,4149.0, https://iis-akakce.akamaized.net/p.z?%2F%2Fcdn%2Edsmcdn%2Ecom%2Fty219%2Fproduct%2Fmedia%2Fimages%2F20211102%2F19%2F164182242%2F286671687%2F1%2F1%5Forg%5Fzoom%2Ejpg
266,Altus AL 8100,Altus,Orta Kapasite,Orta Devir,Standart Boyut,Çok Önemli,YOK,YOK,YOK,YOK,VAR,YOK,VAR,YOK,VAR,YOK,3603.75, https://iis-akakce.akamaized.net/p.z?%2F%2Fproductimages%2Ehepsiburada%2Enet%2Fs%2F6%2F600%2F9746034917426%2Ejpg
267,Vestel Hızlı 9812,Vestel,Orta Kapasite,Orta Devir,Standart Boyut,Çok Önemli,VAR,YOK,YOK,VAR,VAR,YOK,VAR,YOK,VAR,YOK,3799.0, https://cdn.akakce.com/vestel/vestel-hizli-9812-a-1200-devir-9-kg-z.jpg
268,Regal CM 81002,Regal,Orta Kapasite,Orta Devir,YOK,YOK,YOK,YOK,YOK,YOK,YOK,YOK,YOK,YOK,YOK,YOK,2396.06, https://cdn.akakce.com/regal/regal-cm-81002-1000-devir-8-kg-z.jpg
269,Beko CM 6100,Beko,Düşük Kapasite,Orta Devir,YOK,YOK,YOK,YOK,YOK,VAR,VAR,YOK,YOK,YOK,VAR,VAR,2999.0, https://cdn.akakce.com/beko/beko-cm-6100-1000-devir-6-kg-z.jpg
270,Electrolux Perfectcare 600,Electrolux,Orta Kapasite,YOK,YOK,YOK,YOK,YOK,YOK,YOK,YOK,YOK,YOK,YOK,YOK,YOK,4549.0, https://iis-akakce.akamaized.net/p.z?%2F%2Fcdn%2Edsmcdn%2Ecom%2Fty154%2Fproduct%2Fmedia%2Fimages%2F20210805%2F18%2F115996024%2F154747111%2F1%2F1%5Forg%5Fzoom%2Ejpg
271,Arçelik 9103 WF,Arçelik,Orta Kapasite,Orta Devir,YOK,Çok Önemli,VAR,VAR,YOK,YOK,VAR,VAR,VAR,YOK,VAR,VAR,4945.0, https://iis-akakce.akamaized.net/p.z?%2F%2Fst2%2Emyideasoft%2Ecom%2Fshop%2Fdr%2F43%2Fmyassets%2Fproducts%2F690%2F9103%2Dwf%2Epng%3Frevision%3D1554445560
272,Profilo CMJ10180TR 1000,Profilo,Orta Kapasite,Orta Devir,Standart Boyut,Çok Önemli,VAR,YOK,VAR,VAR,VAR,YOK,VAR,VAR,VAR,VAR,3797.55, https://cdn.akakce.com/profilo/profilo-cmj10180tr-a-1000-devir-8-kg-z.jpg
273,Hoover AWMPD410LHO8/1-S 1400,Hoover,Orta Kapasite,Yüksek Devir,YOK,Çok Önemli,YOK,YOK,YOK,VAR,VAR,VAR,YOK,YOK,YOK,VAR,4184.07, https://cdn.akakce.com/hoover/hoover-awmpd410lho8-1-s-a-1400-devir-10-kg-z.jpg
274,Vestel CMI 106121,Vestel,Orta Kapasite,Orta Devir,Standart Boyut,Az Önemli,VAR,YOK,YOK,VAR,VAR,VAR,VAR,YOK,YOK,VAR,3858.57, https://cdn.akakce.com/vestel/vestel-cmi-106121-a-1200-devir-10-kg-z.jpg
275,Profilo CMJ10170TR 1000,Profilo,Orta Kapasite,Orta Devir,Standart Boyut,Çok Önemli,VAR,YOK,VAR,VAR,VAR,YOK,VAR,VAR,VAR,VAR,3952.5, https://cdn.akakce.com/profilo/profilo-cmj10170tr-a-1000-devir-7-kg-z.jpg
276,Vestel CMI 8710,Vestel,Orta Kapasite,Orta Devir,Standart Boyut,Çok Önemli,VAR,YOK,YOK,VAR,VAR,YOK,VAR,YOK,VAR,YOK,3393.57, https://iis-akakce.akamaized.net/p.z?%2F%2Fproductimages%2Ehepsiburada%2Enet%2Fs%2F47%2F600%2F10904369823794%2Ejpg
277,Bosch WAT28480TR A+++,Bosch,Orta Kapasite,Yüksek Devir,Standart Boyut,Çok Önemli,VAR,YOK,YOK,YOK,VAR,YOK,VAR,VAR,VAR,VAR,6950.01, https://cdn.akakce.com/bosch/bosch-wat28480tr-a-1400-devir-9-kg-z.jpg
278,Vestel CMI 89242,Vestel,Orta Kapasite,Yüksek Devir,Standart Boyut,Önemli,VAR,VAR,YOK,VAR,VAR,YOK,VAR,YOK,YOK,VAR,3905.07, https://iis-akakce.akamaized.net/p.z?%2F%2Fproductimages%2Ehepsiburada%2Enet%2Fs%2F132%2F600%2F110000083572939%2Ejpg
279,Samsung WW90T4540AX/AH 1400,Samsung,Orta Kapasite,Yüksek Devir,Standart Boyut,Önemsiz,YOK,YOK,YOK,VAR,VAR,VAR,YOK,YOK,VAR,VAR,6100.6, https://iis-akakce.akamaized.net/p.z?%2F%2Fn11scdn%2Eakamaized%2Enet%2Fa1%2F1024%2Felektronik%2Fcamasir%2Dmakinesi%2Fsamsung%2Dww4500t%2Dww90t4540axah%2D1400%2Ddevir%2D9%2Dkg%2Dcamasir%2Dmakinesi%5F%5F1342647589488297%2Epng
280,Bosch WAJ20170TR 1000,Bosch,Orta Kapasite,Orta Devir,Standart Boyut,Çok Önemli,VAR,YOK,VAR,VAR,VAR,YOK,YOK,YOK,VAR,YOK,4238.0, https://iis-akakce.akamaized.net/p.z?%2F%2Fst1%2Emyideasoft%2Ecom%2Fidea%2Fdg%2F86%2Fmyassets%2Fproducts%2F016%2Fwaj20170tr%2Ejpg%3Frevision%3D1592318979
281,Samsung WW10N644RBX/AH A+++,Samsung,Orta Kapasite,Yüksek Devir,Standart Boyut,Çok Önemli,YOK,YOK,YOK,VAR,VAR,YOK,YOK,YOK,VAR,VAR,6499.0, https://iis-akakce.akamaized.net/p.z?%2F%2Fn11scdn%2Eakamaized%2Enet%2Fa1%2F1024%2Felektronik%2Fcamasir%2Dmakinesi%2Fsamsung%2Dww10n644rbx%2Da%2D1400%2Ddevir%2D10%2Dkg%2Dcamasir%2Dmakinesi%2Dgumus%5F%5F1294620239361856%2Epng
282,Arçelik 10143 YCM,Arçelik,Orta Kapasite,Yüksek Devir,YOK,Çok Önemli,YOK,YOK,YOK,YOK,YOK,YOK,YOK,YOK,YOK,YOK,6387.0, https://cdn.akakce.com/arcelik/arcelik-10143-ycm-a-1400-devir-10-kg-z.jpg
283,Bosch WAU28P90TR Home,Bosch,Orta Kapasite,Yüksek Devir,YOK,Az Önemli,VAR,VAR,YOK,YOK,VAR,YOK,YOK,YOK,YOK,YOK,7776.86, https://iis-akakce.akamaized.net/p.z?%2F%2Fwww%2Etayhanbeyazesya%2Ecom%2FUploads%2FUrunResimleri%2Fbosch%2Dwau28p90tr%2Dserie%2D%2D6%2Dcamasir%2Dmaki%2Da4c307%2Epng
284,Profilo CMJ1018XTR 1000,Profilo,Orta Kapasite,Orta Devir,Standart Boyut,Az Önemli,VAR,YOK,VAR,YOK,VAR,YOK,YOK,YOK,VAR,VAR,3783.0, https://cdn.akakce.com/profilo/profilo-cmj1018xtr-1000-devir-8-kg-z.jpg
285,LG F2J5TNP7S 1200,LG,Orta Kapasite,Orta Devir,YOK,Çok Önemli,VAR,YOK,YOK,VAR,VAR,YOK,YOK,VAR,VAR,VAR,4499.0, https://cdn.akakce.com/lg/lg-f2j5tnp7s-a-1200-devir-8-kg-gri-z.jpg
286,Beko BK 851,Beko,Orta Kapasite,Yüksek Devir,Standart Boyut,Önemsiz,YOK,VAR,YOK,YOK,VAR,YOK,YOK,YOK,VAR,VAR,7299.0, https://iis-akakce.akamaized.net/p.z?%2F%2Fkoctas%2Dimg%2Emncdn%2Ecom%2Fmnresize%2F600%2F600%2Fproductimages%2F1000447881%2F1000447881%5F1%5FMC%2F8828932620338%5F1618348006063%2Ejpg
287,Siemens WM10K260TR A+++,Siemens,Orta Kapasite,Orta Devir,Standart Boyut,Çok Önemli,VAR,YOK,VAR,VAR,VAR,YOK,VAR,VAR,VAR,VAR,4345.0, https://cdn.akakce.com/siemens/siemens-wm10k260tr-a-1000-devir-8-kg-z.jpg
288,Regal CMI 81003,Regal,Orta Kapasite,Orta Devir,YOK,Az Önemli,VAR,YOK,YOK,VAR,VAR,YOK,VAR,YOK,YOK,VAR,2789.07, https://cdn.akakce.com/regal/regal-cmi-81003-1000-devir-8-kg-z.jpg
289,Bosch WAV28MH0TR 1400,Bosch,Orta Kapasite,Yüksek Devir,Standart Boyut,Önemli,YOK,YOK,YOK,YOK,VAR,YOK,VAR,VAR,YOK,VAR,10540.0, https://cdn.akakce.com/bosch/bosch-wav28mh0tr-1400-devir-9-kg-z.jpg
290,Siemens WM14XM81TR 1400,Siemens,Orta Kapasite,Yüksek Devir,YOK,Az Önemli,VAR,VAR,YOK,VAR,VAR,YOK,YOK,YOK,VAR,VAR,11154.03, https://cdn.akakce.com/siemens/siemens-wm14xm81tr-1400-devir-10-kg-z.jpg
291,Profilo CMG120DTR 1200,Profilo,Orta Kapasite,Orta Devir,Standart Boyut,Çok Önemli,VAR,YOK,YOK,VAR,VAR,YOK,VAR,VAR,VAR,VAR,5330.0, https://cdn.akakce.com/profilo/profilo-cmg120dtr-a-1200-devir-9-kg-z.jpg
292,Hotpoint-Ariston FCPR 12440,Hotpoint-Ariston,Yüksek Kapasite,Yüksek Devir,YOK,Çok Önemli,YOK,YOK,YOK,YOK,YOK,YOK,YOK,YOK,YOK,YOK,4899.0, https://cdn.akakce.com/hotpoint-ariston/hotpoint-ariston-fcpr-12440-a-1400-devir-12-kg-z.jpg
293,Silverline WM14027W01 1200,Silverline,Orta Kapasite,Orta Devir,Standart Boyut,Çok Önemli,VAR,YOK,YOK,YOK,VAR,YOK,YOK,VAR,YOK,VAR,2770.0, https://iis-akakce.akamaized.net/p.z?%2F%2Fcdn%2Edsmcdn%2Ecom%2Fty27%2Fproduct%2Fmedia%2Fimages%2F20201127%2F11%2F32961820%2F80274293%2F1%2F1%5Forg%5Fzoom%2Ejpg
294,Beko BK 10122,Beko,Orta Kapasite,Orta Devir,YOK,Çok Önemli,VAR,YOK,YOK,YOK,VAR,VAR,YOK,VAR,VAR,VAR,4800.0, https://iis-akakce.akamaized.net/p.z?%2F%2Fst2%2Emyideasoft%2Ecom%2Fidea%2Fgv%2F82%2Fmyassets%2Fproducts%2F008%2Fimage%2Epng%3Frevision%3D1600171755
295,Arçelik 9141 PM,Arçelik,Orta Kapasite,Yüksek Devir,YOK,Önemli,VAR,VAR,YOK,VAR,VAR,VAR,VAR,YOK,YOK,VAR,5750.0, https://cdn.akakce.com/z/arcelik/arcelik-9141-pm-1400-devir-9-kg.jpg
296,Grundig GWM 9901,Grundig,Orta Kapasite,Orta Devir,YOK,Çok Önemli,VAR,YOK,YOK,VAR,VAR,YOK,VAR,VAR,YOK,VAR,4370.07, https://cdn.akakce.com/grundig/grundig-gwm-9901-a-1000-devir-9-kg-z.jpg
297,Arçelik 8123 CMKR,Arçelik,Orta Kapasite,Orta Devir,YOK,Çok Önemli,VAR,YOK,YOK,VAR,VAR,YOK,VAR,YOK,VAR,VAR,5091.53, https://cdn.akakce.com/arcelik/arcelik-8123-cmkr-a-1200-devir-8-kg-kirmizi-z.jpg
298,Hoover HL 1292D3/1-17,Hoover,Orta Kapasite,Orta Devir,YOK,Çok Önemli,YOK,YOK,YOK,VAR,VAR,YOK,YOK,YOK,YOK,YOK,3709.77, https://iis-akakce.akamaized.net/p.z?%2F%2Fproductimages%2Ehepsiburada%2Enet%2Fs%2F39%2F600%2F10607254044722%2Ejpg
299,Hoover HL 14102D3R-S,Hoover,Orta Kapasite,Yüksek Devir,YOK,Çok Önemli,YOK,YOK,YOK,VAR,VAR,YOK,YOK,VAR,YOK,VAR,4249.0, https://iis-akakce.akamaized.net/p.z?%2F%2Fn11scdn%2Eakamaized%2Enet%2Fa1%2F1024%2Felektronik%2Fcamasir%2Dmakinesi%2Fhoover%2Dhl%2D14102d3r%2Ds%2Da%2D1400%2Ddevir%2D10%2Dkg%2Dcamasir%2Dmakinesi%2Dgumus%5F%5F0551940190575310%2Ejpg
300,Samsung WW90T754DBH1AH 1400,Samsung,Orta Kapasite,Yüksek Devir,Standart Boyut,Önemli,YOK,VAR,YOK,VAR,VAR,VAR,YOK,VAR,VAR,VAR,7599.0, https://cdn.akakce.com/samsung/samsung-ww90t754dbh1ah-z.jpg
301,Vestel CMI 89142,Vestel,Orta Kapasite,Yüksek Devir,Standart Boyut,Az Önemli,VAR,VAR,YOK,VAR,VAR,YOK,VAR,YOK,YOK,VAR,3617.79, https://cdn.akakce.com/vestel/vestel-cmi-89142-wifi-a-1400-devir-8-kg-z.jpg
302,Altus 1000 Devir,Altus,Orta Kapasite,Orta Devir,YOK,YOK,YOK,YOK,YOK,YOK,YOK,YOK,YOK,YOK,YOK,YOK,2979.0, https://iis-akakce.akamaized.net/p.z?%2F%2Fcdn%2Edsmcdn%2Ecom%2Fty216%2Fproduct%2Fmedia%2Fimages%2F20211030%2F18%2F160700478%2F225016064%2F2%2F2%5Forg%5Fzoom%2Ejpg
303,Bosch WAV28KH0TR 1400,Bosch,Orta Kapasite,Yüksek Devir,YOK,Az Önemli,YOK,VAR,VAR,YOK,VAR,YOK,YOK,YOK,YOK,VAR,10990.0, https://iis-akakce.akamaized.net/p.z?%2F%2Ftekugur%2Ecom%2Etr%2Fbosch%2Dwav28kh0tr%2Dhome%2Dconnect%2Dcamasir%2Dmakinesi%2D9%2Dkg%2D%2Dp%2D8164%2Ejpg
304,Regal CM 7101,Regal,Orta Kapasite,Orta Devir,YOK,Önemsiz,YOK,YOK,YOK,YOK,VAR,YOK,YOK,YOK,VAR,VAR,2750.0, https://iis-akakce.akamaized.net/p.z?%2F%2Fn11scdn%2Eakamaized%2Enet%2Fa1%2F1024%2Felektronik%2Fcamasir%2Dmakinesi%2Fregal%2Dcm%2D7101%2Da%2D7%2Dkg%2D1000%2Ddevir%2Dcamasir%2Dmakinesi%5F%5F0912157380236220%2Ejpg
305,Arçelik 2202 YACM,Arçelik,Orta Kapasite,Orta Devir,YOK,Çok Önemli,VAR,YOK,YOK,VAR,VAR,YOK,YOK,YOK,VAR,VAR,4599.0, https://iis-akakce.akamaized.net/p.z?%2F%2Fst3%2Emyideasoft%2Ecom%2Fshop%2Fdv%2F76%2Fmyassets%2Fproducts%2F949%2Fimage%2D5%2Epng%3Frevision%3D1623309669
306,Finlux Klasik 71100,Finlux,Orta Kapasite,Orta Devir,YOK,Önemli,YOK,YOK,YOK,YOK,VAR,YOK,YOK,YOK,VAR,VAR,2138.07, https://iis-akakce.akamaized.net/p.z?%2F%2Fproductimages%2Ehepsiburada%2Enet%2Fs%2F128%2F600%2F110000078472376%2Ejpg
307,Bosch WAX28FH1TR Wi-Fi,Bosch,Orta Kapasite,Yüksek Devir,Standart Boyut,Az Önemli,YOK,VAR,VAR,VAR,VAR,YOK,VAR,YOK,YOK,VAR,13998.0, https://iis-akakce.akamaized.net/p.z?%2F%2Fwww%2Eaynigunkargo%2Ecom%2FProductImages%2F617676%2Fbig%2Fwax28fh1tr%2Epng
308,Bosch WAV28M80TR 1400,Bosch,Orta Kapasite,Yüksek Devir,Standart Boyut,Az Önemli,YOK,YOK,VAR,VAR,VAR,YOK,VAR,VAR,VAR,VAR,9590.0, https://iis-akakce.akamaized.net/p.z?%2F%2Ftekugur%2Ecom%2Etr%2Fbosch%2Dwav28m80tr%2D9%2Dkg%2D1400%2Ddevir%2Dcamasir%2Dmakinesi%2Dp%2D10350%2Ejpg
309,Vestel CM 10712,Vestel,Orta Kapasite,Orta Devir,Standart Boyut,Çok Önemli,YOK,YOK,YOK,VAR,VAR,YOK,VAR,YOK,YOK,VAR,3905.07, https://iis-akakce.akamaized.net/p.z?%2F%2Fproductimages%2Ehepsiburada%2Enet%2Fs%2F30%2F600%2F10291760758834%2Ejpg
310,Hoover DXOA510AHK7R1-17 1500,Hoover,Orta Kapasite,Yüksek Devir,YOK,Çok Önemli,YOK,YOK,YOK,VAR,VAR,VAR,YOK,YOK,YOK,VAR,4400.0, https://iis-akakce.akamaized.net/p.z?%2F%2Fn11scdn%2Eakamaized%2Enet%2Fa1%2F1024%2Felektronik%2Fcamasir%2Dmakinesi%2Fhoover%2Ddxoa%2D510ahk7r%2Da%2D1500%2Ddevir%2D10%2Dkg%2Dcamasir%2Dmakinesi%2Dsiyah%5F%5F0237602645260498%2Ejpg
311,Vestel CMI 98242,Vestel,Orta Kapasite,Yüksek Devir,Standart Boyut,Önemli,YOK,VAR,YOK,YOK,VAR,YOK,VAR,VAR,YOK,VAR,4230.57, https://cdn.akakce.com/z/vestel/vestel-cmi-98242-gi-pro-wifi-9-kg-1400-devir.jpg
312,Profilo CMI122DTR E-Doz,Profilo,Orta Kapasite,Orta Devir,Standart Boyut,Çok Önemli,VAR,YOK,VAR,VAR,VAR,YOK,VAR,VAR,VAR,VAR,6199.0, https://cdn.akakce.com/profilo/profilo-cmi122dtr-e-doz-a-9-kg-1200-devir-z.jpg
313,Hotpoint-Ariston FCPR 90230,Hotpoint-Ariston,Orta Kapasite,Yüksek Devir,YOK,Çok Önemli,YOK,YOK,YOK,YOK,YOK,YOK,YOK,YOK,YOK,YOK,3999.0, https://cdn.akakce.com/hotpoint-ariston/hotpoint-ariston-fcpr-90230-a-1400-devir-9-kg-z.jpg
314,Bosch WNA254X1TR 1400,Bosch,Orta Kapasite,Yüksek Devir,Standart Boyut,Önemsiz,YOK,YOK,YOK,YOK,VAR,YOK,YOK,YOK,VAR,VAR,13599.0, https://iis-akakce.akamaized.net/p.z?%2F%2Fcdn%2Edsmcdn%2Ecom%2Fty230%2Fproduct%2Fmedia%2Fimages%2F20211106%2F20%2F168316364%2F292755408%2F1%2F1%5Forg%5Fzoom%2Ejpg
315,Electrolux PerfectCare 600,Electrolux,Orta Kapasite,YOK,YOK,YOK,YOK,YOK,YOK,YOK,YOK,YOK,YOK,YOK,YOK,YOK,3969.0, https://iis-akakce.akamaized.net/p.z?%2F%2Fcdn%2Edsmcdn%2Ecom%2Fty149%2Fproduct%2Fmedia%2Fimages%2F20210722%2F22%2F112112707%2F16568274%2F1%2F1%5Forg%5Fzoom%2Ejpg
316,Silverline WD14030W01 1400,Silverline,Orta Kapasite,Yüksek Devir,YOK,YOK,YOK,YOK,YOK,YOK,VAR,YOK,YOK,YOK,VAR,VAR,4350.0, https://iis-akakce.akamaized.net/p.z?%2F%2Fcdn%2Edsmcdn%2Ecom%2Fty137%2Fproduct%2Fmedia%2Fimages%2F20210624%2F14%2F103933909%2F193001128%2F1%2F1%5Forg%5Fzoom%2Ejpg
317,Vestel CMI 87202.1,Vestel,Orta Kapasite,Orta Devir,Standart Boyut,Az Önemli,VAR,VAR,YOK,VAR,VAR,YOK,VAR,YOK,YOK,VAR,3348.0, https://cdn.akakce.com/z/vestel/vestel-cmi-87202-g-wifi-8-kg-1000-devir.jpg
318,Regal CMI 9103,Regal,Orta Kapasite,Orta Devir,Standart Boyut,Çok Önemli,VAR,YOK,YOK,VAR,VAR,YOK,VAR,YOK,YOK,YOK,3440.07, https://cdn.akakce.com/regal/regal-cmi-9103-a-1000-devir-9-kg-z.jpg
319,Finlux Klasik 58101,Finlux,Düşük Kapasite,Düşük Devir,YOK,Önemli,YOK,YOK,YOK,YOK,YOK,YOK,YOK,YOK,VAR,VAR,1952.07, https://iis-akakce.akamaized.net/p.z?%2F%2Fproductimages%2Ehepsiburada%2Enet%2Fs%2F127%2F600%2F110000077500618%2Ejpg
320,Electrolux EW6F3944FQ PerfectCare,Electrolux,Orta Kapasite,Yüksek Devir,YOK,Çok Önemli,VAR,VAR,YOK,VAR,VAR,VAR,VAR,YOK,VAR,VAR,5371.0, https://iis-akakce.akamaized.net/p.z?%2F%2Fn11scdn%2Eakamaized%2Enet%2Fa1%2F1024%2Felektronik%2Fcamasir%2Dmakinesi%2Felectrolux%2Dew6f3944fq%2Dperfectcare%2D600%2D9%2Dkg%2Da%2Dcamasir%2Dmakinesi%5F%5F1414916703992672%2Ejpg
321,Samsung WW5500T WW90T554DAW/AH,Samsung,Orta Kapasite,Yüksek Devir,Standart Boyut,Önemli,YOK,VAR,YOK,VAR,VAR,VAR,YOK,VAR,VAR,VAR,6900.0, https://cdn.akakce.com/samsung/samsung-ww90t554daw-ah-1400-devir-9-kg-z.jpg
322,Altus AL 7103.1,Altus,Orta Kapasite,Orta Devir,Standart Boyut,Önemsiz,VAR,YOK,VAR,YOK,VAR,YOK,VAR,YOK,VAR,VAR,2819.06, https://cdn.akakce.com/altus/altus-al-7103-ds-1000-devir-7-kg-z.jpg
323,Bosch WAT2448STR 1200,Bosch,Orta Kapasite,Orta Devir,Standart Boyut,Çok Önemli,VAR,YOK,YOK,VAR,VAR,YOK,VAR,VAR,VAR,VAR,7672.5, https://cdn.akakce.com/bosch/bosch-wat2448str-a-1200-devir-9-kg-gri-z.jpg
324,Vestel Eko 9711,Vestel,Orta Kapasite,Orta Devir,YOK,Çok Önemli,YOK,YOK,YOK,YOK,YOK,YOK,YOK,YOK,YOK,YOK,3449.0, https://cdn.akakce.com/vestel/vestel-eko-9711-tgl-a-1000-devir-9-kg-z.jpg
325,Profilo CMU12S90TR 1200,Profilo,Orta Kapasite,Orta Devir,Standart Boyut,Az Önemli,VAR,YOK,YOK,VAR,VAR,YOK,VAR,YOK,VAR,VAR,4359.0, https://iis-akakce.akamaized.net/p.z?%2F%2Fn11scdn%2Eakamaized%2Enet%2Fa1%2F1024%2Felektronik%2Fcamasir%2Dmakinesi%2Fprofilo%2Dcmu12s90tr%2D1200%2Ddevir%2D9%2Dkg%2Dcamasir%2Dmakinesi%5F%5F0206521857535455%2Epng
326,LG F4V5VGP2T A,LG,Orta Kapasite,Yüksek Devir,Standart Boyut,Önemli,YOK,VAR,YOK,VAR,VAR,VAR,VAR,VAR,VAR,VAR,9039.0, https://iis-akakce.akamaized.net/p.z?%2F%2Fn11scdn%2Eakamaized%2Enet%2Fa1%2F1024%2Felektronik%2Fcamasir%2Dmakinesi%2Flg%2Df4v5vgp2tasspltk%2Da%2D1400%2Ddevir%2D9%2Dkg%2Dyikama%2D6%2Dkg%2Dkurutma%2Dcamasir%2Dmakinesi%5F%5F0985570612509647%2Ejpg
327,Samsung WW5500T WW90T554DAN/AH,Samsung,Orta Kapasite,Yüksek Devir,Standart Boyut,Önemli,YOK,VAR,YOK,YOK,VAR,VAR,YOK,YOK,YOK,VAR,7021.8, https://cdn.akakce.com/samsung/samsung-ww5500t-ww90t554dan-ah-1400-devir-9-kg-z.jpg
328,Siemens WD14U561TR 1400,Siemens,Orta Kapasite,Yüksek Devir,Standart Boyut,Az Önemli,YOK,YOK,VAR,VAR,VAR,VAR,VAR,YOK,VAR,VAR,16735.0, https://cdn.akakce.com/siemens/siemens-wd14u561tr-1400-devir-10-kg-6-kg-kurutmali-z.jpg
329,Siemens WM10J181TR 1000,Siemens,Orta Kapasite,Orta Devir,YOK,Az Önemli,VAR,YOK,VAR,VAR,VAR,YOK,YOK,YOK,VAR,VAR,4299.0, https://cdn.akakce.com/siemens/siemens-wm10j181tr-a-1000-devir-8-kg-z.jpg
330,Beko CM 8101,Beko,Orta Kapasite,Orta Devir,Standart Boyut,Az Önemli,VAR,YOK,VAR,VAR,VAR,YOK,VAR,YOK,VAR,VAR,3790.0, https://cdn.akakce.com/beko/beko-cm-8101-t-1000-devir-8-kg-z.jpg
331,Vestel CM 5608,Vestel,Düşük Kapasite,Düşük Devir,YOK,Çok Önemli,YOK,YOK,YOK,YOK,YOK,YOK,YOK,YOK,VAR,YOK,2729.99, https://cdn.akakce.com/vestel/vestel-cm-5608-a-800-devir-5-kg-z.jpg
332,Siemens WM14XFH1TR Wi-Fi,Siemens,Orta Kapasite,Yüksek Devir,YOK,Az Önemli,VAR,VAR,VAR,VAR,VAR,YOK,YOK,YOK,VAR,VAR,11899.0, https://iis-akakce.akamaized.net/p.z?%2F%2Fwww%2Egizerler%2Ecom%2Fassets%2Fproduct%2Dimages%2F125000%2Fsiemens%2Dwm14xfh1tr%2D10%2Dkg%2D1400%2Ddevir%2Dc%2Denerji%2Dcamasir%2Dmakinesi%5F42217%2Ejpg
333,LG A+++ 1400,LG,Orta Kapasite,YOK,YOK,YOK,YOK,YOK,YOK,YOK,YOK,YOK,YOK,YOK,YOK,YOK,6825.0, https://iis-akakce.akamaized.net/p.z?%2F%2Fcdn%2Edsmcdn%2Ecom%2Fty102%2Fproduct%2Fmedia%2Fimages%2F20210413%2F12%2F79752940%2F87822308%2F1%2F1%5Forg%5Fzoom%2Ejpg
334,Bosch WVG30460TR A+,Bosch,Orta Kapasite,Yüksek Devir,YOK,Önemli,YOK,YOK,YOK,YOK,YOK,YOK,YOK,YOK,YOK,YOK,10699.0, https://iis-akakce.akamaized.net/p.z?%2F%2Fwww%2Eaynigunkargo%2Ecom%2FProductImages%2F505818%2Fbig%2Fmcsa00904565%5Fwvg30460tr%5Fdef%2Epng
335,Hotpoint-Ariston FMF 923,Hotpoint-Ariston,Orta Kapasite,Orta Devir,YOK,Çok Önemli,YOK,YOK,YOK,YOK,YOK,YOK,YOK,YOK,YOK,YOK,3999.0, https://iis-akakce.akamaized.net/p.z?%2F%2Fst3%2Emyideasoft%2Ecom%2Fidea%2Fib%2F40%2Fmyassets%2Fproducts%2F265%2F1%2Ejpg%3Frevision%3D1627661860
336,Vestel Hızlı 8812,Vestel,Orta Kapasite,Orta Devir,YOK,Çok Önemli,YOK,YOK,YOK,YOK,YOK,YOK,YOK,YOK,YOK,YOK,3499.0, https://iis-akakce.akamaized.net/p.z?%2F%2Fn11scdn%2Eakamaized%2Enet%2Fa1%2F1024%2Felektronik%2Fcamasir%2Dmakinesi%2Fvestel%2Dhizli%2D8812%2Dte%2Da%2D1200%2Ddevir%2D8%2Dkg%2Dcamasir%2Dmakinesi%5F%5F0908363844305286%2Ejpg
337,Regal KCM 91402,Regal,Orta Kapasite,Yüksek Devir,YOK,Önemsiz,YOK,YOK,YOK,YOK,VAR,YOK,YOK,YOK,VAR,VAR,5149.0, https://iis-akakce.akamaized.net/p.z?%2F%2Fstatics%2Evestel%2Ecom%2Etr%2Fproductimages%2F20264786%5Fr1%2Ejpg
338,Samsung WW90T754DBX1AH 1400,Samsung,Orta Kapasite,Yüksek Devir,Standart Boyut,Önemli,YOK,VAR,YOK,VAR,VAR,VAR,YOK,VAR,VAR,VAR,7153.4, https://cdn.akakce.com/samsung/samsung-ww90t754dbx1ah-1400-devir-9-kg-z.jpg
339,Bosch WAY288H0TR i-DOS,Bosch,Orta Kapasite,Yüksek Devir,Standart Boyut,Çok Önemli,VAR,VAR,VAR,VAR,VAR,YOK,VAR,VAR,VAR,VAR,12220.0, https://cdn.akakce.com/bosch/bosch-way288h0tr-i-dos-a-1400-devir-9-kg-z.jpg
340,Vestfrost A ++,Vestfrost,YOK,YOK,YOK,YOK,YOK,YOK,YOK,YOK,YOK,YOK,YOK,YOK,YOK,YOK,2399.0, https://iis-akakce.akamaized.net/p.z?%2F%2Fcdn%2Edsmcdn%2Ecom%2Fty139%2Fproduct%2Fmedia%2Fimages%2F20210701%2F13%2F106089886%2F182437988%2F1%2F1%5Forg%5Fzoom%2Ejpg
341,Regal CM 71001,Regal,Orta Kapasite,Orta Devir,YOK,Önemsiz,YOK,YOK,VAR,YOK,VAR,YOK,YOK,YOK,YOK,VAR,2339.66, https://iis-akakce.akamaized.net/p.z?%2F%2Fproductimages%2Ehepsiburada%2Enet%2Fs%2F72%2F600%2F110000014162429%2Ejpg
342,Altus AL 6100,Altus,Düşük Kapasite,Orta Devir,YOK,Çok Önemli,YOK,YOK,YOK,YOK,YOK,YOK,YOK,YOK,YOK,VAR,2443.06, https://iis-akakce.akamaized.net/p.z?%2F%2Fproductimages%2Ehepsiburada%2Enet%2Fs%2F22%2F600%2F9960263548978%2Ejpg
343,Siemens WM14XM8XTR 1400,Siemens,Orta Kapasite,Yüksek Devir,Standart Boyut,Çok Önemli,VAR,VAR,VAR,VAR,VAR,YOK,YOK,YOK,VAR,YOK,11989.0, https://cdn.akakce.com/siemens/siemens-wm14xm8xtr-a-1400-devir-10-kg-gri-z.jpg
344,Siemens WG41A1X0TR 1000,Siemens,Orta Kapasite,Orta Devir,Standart Boyut,Çok Önemli,VAR,YOK,YOK,VAR,VAR,YOK,VAR,VAR,VAR,VAR,5750.0, https://cdn.akakce.com/siemens/siemens-wg41a1x0tr-a-1000-devir-9-kg-z.jpg
345,Profilo CMG12IDTR 1200,Profilo,Orta Kapasite,Orta Devir,Standart Boyut,Çok Önemli,VAR,YOK,VAR,VAR,VAR,YOK,VAR,YOK,VAR,YOK,4750.0, https://cdn.akakce.com/profilo/profilo-cmg12idtr-a-1200-devir-9-kg-z.jpg
346,Hoover HL 14102D3-S,Hoover,Orta Kapasite,Yüksek Devir,YOK,Çok Önemli,YOK,YOK,YOK,VAR,VAR,YOK,YOK,VAR,YOK,YOK,4199.0, https://cdn.akakce.com/hoover/hoover-hl-14102d3-s-a-1400-devir-10-kg-z.jpg
347,Profilo CMG140DTR 1400,Profilo,Orta Kapasite,Yüksek Devir,Standart Boyut,Çok Önemli,VAR,YOK,YOK,VAR,VAR,YOK,VAR,YOK,VAR,VAR,5367.0, https://cdn.akakce.com/profilo/profilo-cmg140dtr-a-1400-devir-9-kg-z.jpg
348,Candy Gvs159twhcr3/1-s 9,Candy,YOK,YOK,YOK,YOK,YOK,YOK,YOK,YOK,YOK,YOK,YOK,YOK,YOK,YOK,3049.0, https://iis-akakce.akamaized.net/p.z?%2F%2Fcdn%2Edsmcdn%2Ecom%2Fty81%2Fproduct%2Fmedia%2Fimages%2F20210308%2F16%2F69817100%2F150224787%2F1%2F1%5Forg%5Fzoom%2Ejpg
349,Vestel CMI 12812,Vestel,Yüksek Kapasite,Orta Devir,YOK,Çok Önemli,VAR,YOK,YOK,YOK,VAR,YOK,VAR,YOK,VAR,VAR,5099.0, https://iis-akakce.akamaized.net/p.z?%2F%2Fn11scdn%2Eakamaized%2Enet%2Fa1%2F1024%2Felektronik%2Fcamasir%2Dmakinesi%2Fvestel%2Dcmi%2D12812%2Da%2D1200%2Ddevir%2D12%2Dkg%2Dcamasir%2Dmakinesi%5F%5F0583385822813678%2Epng
350,Miele WCE 660,Miele,Orta Kapasite,Yüksek Devir,YOK,Çok Önemli,YOK,VAR,YOK,YOK,VAR,YOK,YOK,YOK,VAR,VAR,10590.0, https://iis-akakce.akamaized.net/p.z?%2F%2Fst2%2Emyideasoft%2Ecom%2Fidea%2Fdk%2F34%2Fmyassets%2Fproducts%2F765%2Fmiele%2Dwce%2D660%2Dtwindos%2Dwi%2Dfi%2Da%2D1400%2Ddevir%2D8%2Dkg%2Dcamasir%2Dmakinesi%2D5160%2Djpg%5Fmin%2Ejpeg%3Frevision%3D1617111811
351,Profilo CMI140LTR E-Doz,Profilo,Orta Kapasite,Yüksek Devir,Standart Boyut,Az Önemli,VAR,YOK,YOK,VAR,VAR,YOK,VAR,YOK,VAR,VAR,5921.06, https://cdn.akakce.com/profilo/profilo-cmi140ltr-e-doz-a-1400-devir-10-kg-z.jpg
352,Bosch WAJ20180TR 8,Bosch,Orta Kapasite,Orta Devir,Standart Boyut,Çok Önemli,VAR,YOK,VAR,VAR,VAR,YOK,VAR,VAR,VAR,VAR,5169.06, https://cdn.akakce.com/bosch/bosch-waj20180tr-a-8-kg-1000-devir-z.jpg
353,Arçelik 1200 Devir,Arçelik,Orta Kapasite,YOK,YOK,YOK,YOK,YOK,YOK,YOK,YOK,YOK,YOK,YOK,YOK,YOK,5199.0, https://iis-akakce.akamaized.net/p.z?%2F%2Fcdn%2Edsmcdn%2Ecom%2Fty102%2Fproduct%2Fmedia%2Fimages%2F20210412%2F16%2F79515738%2F162998765%2F1%2F1%5Forg%5Fzoom%2Ejpg
354,Altus AL 8103.1,Altus,Orta Kapasite,Orta Devir,YOK,Az Önemli,VAR,YOK,YOK,VAR,VAR,VAR,VAR,YOK,VAR,VAR,3149.0, https://iis-akakce.akamaized.net/p.z?%2F%2Fcdn%2Edsmcdn%2Ecom%2Fty112%2Fproduct%2Fmedia%2Fimages%2F20210505%2F9%2F85902402%2F171067519%2F1%2F1%5Forg%5Fzoom%2Ejpg
355,Hotpoint-Ariston RDPG 96407,Hotpoint-Ariston,Orta Kapasite,Yüksek Devir,YOK,Önemli,YOK,YOK,YOK,YOK,YOK,YOK,YOK,YOK,YOK,YOK,5440.81, https://iis-akakce.akamaized.net/p.z?%2F%2Fproductimages%2Ehepsiburada%2Enet%2Fs%2F25%2F600%2F10108384706610%2Ejpg
356,Beko CM 9100,Beko,Orta Kapasite,Orta Devir,Standart Boyut,Önemli,VAR,VAR,YOK,VAR,VAR,VAR,YOK,VAR,YOK,VAR,5680.0, https://cdn.akakce.com/z/beko/beko-tm-5046-cr-floral-2400-w-rose-gold.jpg
357,Arçelik 8050 YKI,Arçelik,Orta Kapasite,Yüksek Devir,Standart Boyut,Önemli,VAR,VAR,YOK,VAR,VAR,YOK,YOK,YOK,VAR,VAR,7348.48, https://cdn.akakce.com/arcelik/arcelik-8050-yki-1400-devir-8-kg-5-kg-kurutmali-z.jpg
358,Siemens WM10J170TR 1000,Siemens,Orta Kapasite,Orta Devir,Standart Boyut,Çok Önemli,VAR,YOK,VAR,VAR,VAR,YOK,YOK,YOK,VAR,VAR,4190.0, https://cdn.akakce.com/siemens/siemens-wm10j170tr-a-1000-devir-7-kg-z.jpg
359,Grundig GWM 9802,Grundig,Orta Kapasite,Orta Devir,Standart Boyut,Çok Önemli,YOK,YOK,YOK,VAR,VAR,YOK,VAR,YOK,VAR,VAR,4405.5, https://cdn.akakce.com/grundig/grundig-gwm-9802-a-1000-devir-8-kg-z.jpg
360,Grundig GWM 9702,Grundig,Orta Kapasite,Orta Devir,Standart Boyut,Çok Önemli,YOK,YOK,YOK,VAR,VAR,YOK,VAR,YOK,VAR,VAR,4245.06, https://cdn.akakce.com/grundig/grundig-gwm-9702-a-1000-devir-7-kg-z.jpg
361,Hoover AWMPD 49LH7/1-S,Hoover,Orta Kapasite,Yüksek Devir,YOK,Çok Önemli,YOK,YOK,YOK,VAR,VAR,VAR,YOK,YOK,YOK,VAR,4088.06, https://cdn.akakce.com/hoover/hoover-awmpd-49lh7-1-s-a-1400-devir-9-kg-z.jpg
362,Finlux Ultra Sessiz,Finlux,YOK,YOK,YOK,YOK,YOK,YOK,YOK,YOK,YOK,YOK,YOK,YOK,YOK,YOK,3049.0, https://iis-akakce.akamaized.net/p.z?%2F%2Fst2%2Emyideasoft%2Ecom%2Fidea%2Fhw%2F33%2Fmyassets%2Fproducts%2F096%2Ffinlux%2Dfinlux%2Dultra%2Dsessiz%2D92120%2Ejpeg%3Frevision%3D1635767664
363,Regal CM 61001,Regal,Düşük Kapasite,Orta Devir,YOK,Önemsiz,YOK,YOK,YOK,YOK,VAR,YOK,YOK,YOK,YOK,VAR,2251.3, https://iis-akakce.akamaized.net/p.z?%2F%2Fproductimages%2Ehepsiburada%2Enet%2Fs%2F72%2F600%2F110000014162424%2Ejpg
364,Siemens WN54A2X1TR 1400,Siemens,Orta Kapasite,Yüksek Devir,Standart Boyut,Az Önemli,YOK,YOK,YOK,YOK,VAR,YOK,YOK,YOK,YOK,VAR,13809.0, https://cdn.akakce.com/siemens/siemens-wn54a2x1tr-1400-devir-10-kg-6-kg-kurutmali-z.jpg
365,Vestel CMI 97102.1,Vestel,Orta Kapasite,Orta Devir,Standart Boyut,Az Önemli,VAR,VAR,YOK,VAR,VAR,YOK,VAR,YOK,YOK,VAR,3847.42, https://cdn.akakce.com/vestel/vestel-cmi-97102-g-wifi-a-1000-devir-9-kg-gri-z.jpg
366,Regal CMI 9102,Regal,Orta Kapasite,Orta Devir,Standart Boyut,Çok Önemli,YOK,YOK,YOK,VAR,VAR,YOK,VAR,YOK,VAR,VAR,3499.0, https://cdn.akakce.com/regal/regal-cmi-9102-a-1000-devir-9-kg-z.jpg
367,Hoover DXOA611AHF3/1-17 1600,Hoover,Yüksek Kapasite,Yüksek Devir,Standart Boyut,Çok Önemli,YOK,YOK,YOK,VAR,VAR,VAR,YOK,YOK,YOK,VAR,4747.0, https://iis-akakce.akamaized.net/p.z?%2F%2Fproductimages%2Ehepsiburada%2Enet%2Fs%2F24%2F600%2F10086837714994%2Ejpg
368,Vestfrost VFCM 7101,Vestfrost,Orta Kapasite,Orta Devir,YOK,Çok Önemli,YOK,YOK,YOK,YOK,YOK,YOK,YOK,YOK,YOK,YOK,2850.0, https://iis-akakce.akamaized.net/p.z?%2F%2Fcdn%2Edsmcdn%2Ecom%2Fty99%2Fproduct%2Fmedia%2Fimages%2F20210407%2F17%2F78468476%2F16523331%2F1%2F1%5Forg%5Fzoom%2Ejpg
369,Profilo 1400 Devir,Profilo,Orta Kapasite,YOK,YOK,YOK,YOK,YOK,YOK,YOK,YOK,YOK,YOK,YOK,YOK,YOK,5240.0, https://iis-akakce.akamaized.net/p.z?%2F%2Fcdn%2Edsmcdn%2Ecom%2Fty252%2Fproduct%2Fmedia%2Fimages%2F20211124%2F9%2F1249710%2F127623064%2F1%2F1%5Forg%5Fzoom%2Ejpg
370,Siemens WM14VM80TR 1400,Siemens,Orta Kapasite,Yüksek Devir,Standart Boyut,Az Önemli,YOK,VAR,VAR,VAR,VAR,YOK,YOK,YOK,VAR,VAR,10199.0, https://iis-akakce.akamaized.net/p.z?%2F%2Fveyisoglugrup%2Ecom%2Fsiemens%2Dwm14vm80tr%2D9%2Dkg%2D1400%2Ddevir%2Dcamasir%2Dmakinesi%2Dp%2D5347%2Ejpg
371,LG F4J8FHP2S Wi-Fi,LG,Orta Kapasite,Yüksek Devir,YOK,Önemli,YOK,VAR,YOK,YOK,YOK,YOK,YOK,YOK,YOK,YOK,9499.0, https://iis-akakce.akamaized.net/p.z?%2F%2Fst3%2Emyideasoft%2Ecom%2Fidea%2Fib%2F40%2Fmyassets%2Fproducts%2F272%2F11%2Ejpg%3Frevision%3D1628510801
372,Siemens iQ500 WM10Q49XTR,Siemens,Orta Kapasite,Orta Devir,YOK,Çok Önemli,YOK,YOK,YOK,YOK,YOK,YOK,YOK,YOK,YOK,YOK,5346.0, https://iis-akakce.akamaized.net/p.z?%2F%2Fst3%2Emyideasoft%2Ecom%2Fidea%2Fib%2F40%2Fmyassets%2Fproducts%2F096%2F1%2Ejpg%3Frevision%3D1617723452
373,Siemens WM14XM8STR 1400,Siemens,Orta Kapasite,Yüksek Devir,YOK,Az Önemli,VAR,VAR,YOK,YOK,VAR,YOK,YOK,YOK,VAR,VAR,12299.0, https://cdn.akakce.com/siemens/siemens-wm14xm8str-1400-devir-10-kg-z.jpg
374,Siemens WM14XEH1TR 1400,Siemens,Orta Kapasite,Yüksek Devir,Standart Boyut,Az Önemli,YOK,VAR,VAR,VAR,VAR,YOK,YOK,YOK,VAR,VAR,12260.0, https://cdn.akakce.com/siemens/siemens-wm14xeh1tr-a-1400-devir-10-kg-z.jpg
375,Beko BK 850,Beko,Orta Kapasite,Yüksek Devir,Standart Boyut,Önemli,YOK,VAR,YOK,VAR,VAR,VAR,VAR,VAR,YOK,VAR,6750.0, https://cdn.akakce.com/beko/beko-bk-850-yki-1400-devir-8-kg-5-kg-kurutmali-z.jpg
376,Beko BK 7101,Beko,Orta Kapasite,Orta Devir,Standart Boyut,Çok Önemli,VAR,YOK,YOK,VAR,VAR,VAR,VAR,VAR,VAR,VAR,3979.9, https://cdn.akakce.com/beko/beko-bk-7101-dy-a-1000-devir-7-kg-z.jpg
377,Bosch WAW286HXTR i-DOS,Bosch,Orta Kapasite,Yüksek Devir,Standart Boyut,Çok Önemli,VAR,VAR,YOK,VAR,VAR,YOK,VAR,VAR,VAR,VAR,10340.0, https://cdn.akakce.com/bosch/bosch-waw286hxtr-i-dos-wi-fi-a-1400-devir-9-kg-gri-z.jpg
378,LG F4J9JSP2T Wi-Fi,LG,Orta Kapasite,Yüksek Devir,YOK,Çok Önemli,YOK,VAR,YOK,YOK,YOK,YOK,YOK,YOK,YOK,YOK,7999.0, https://iis-akakce.akamaized.net/p.z?%2F%2Fst3%2Emyideasoft%2Ecom%2Fidea%2Fib%2F40%2Fmyassets%2Fproducts%2F269%2F1%2Ejpg%3Frevision%3D1628495615
379,Bosch WIW24560TR 1200,Bosch,Orta Kapasite,Orta Devir,Standart Boyut,Çok Önemli,VAR,YOK,YOK,VAR,VAR,YOK,VAR,VAR,VAR,YOK,5999.0, https://iis-akakce.akamaized.net/p.z?%2F%2Fwww%2Eform%2Ecom%2Etr%2Fbosch%2Dwiw24560tr%2Da%2D1200%2Ddevir%2D8%2Dkg%2Dcamasir%2Dmakinesi%2Dp%2D11656%2Ejpg
380,Beko BK 8102,Beko,Orta Kapasite,Orta Devir,YOK,Az Önemli,VAR,VAR,YOK,VAR,VAR,VAR,YOK,VAR,VAR,VAR,4415.0, https://cdn.akakce.com/beko/beko-bk-8102-eys-wi-fi-1000-devir-8-kg-gri-z.jpg
381,Regal CMI 71002,Regal,Orta Kapasite,Orta Devir,YOK,Az Önemli,VAR,YOK,VAR,YOK,VAR,YOK,VAR,YOK,YOK,VAR,2659.26, https://cdn.akakce.com/regal/regal-cmi-71002-1000-devir-7-kg-z.jpg
382,Vestel CMI 96121,Vestel,Orta Kapasite,Orta Devir,Standart Boyut,Az Önemli,VAR,YOK,YOK,VAR,VAR,VAR,VAR,YOK,YOK,VAR,4383.39, https://iis-akakce.akamaized.net/p.z?%2F%2Fn11scdn%2Eakamaized%2Enet%2Fa1%2F1024%2Felektronik%2Fcamasir%2Dmakinesi%2Fvestel%2Dcmi%2D96121%2D1200%2Ddevir%2D9%2Dkg%2Dcamasir%2Dmakinesi%5F%5F0916029046085661%2Ejpg
383,Vestel CMI 86101,Vestel,Orta Kapasite,Orta Devir,Standart Boyut,Az Önemli,VAR,YOK,YOK,VAR,VAR,VAR,VAR,YOK,YOK,YOK,3183.54, https://cdn.akakce.com/vestel/vestel-cmi-86101-a-1000-devir-8-kg-z.jpg
384,Altus AL 7100.1,Altus,Orta Kapasite,Orta Devir,Standart Boyut,Çok Önemli,YOK,YOK,YOK,YOK,VAR,YOK,VAR,YOK,YOK,YOK,3447.92, https://cdn.akakce.com/altus/altus-al-7100-ds-a-1000-devir-7-kg-z.jpg
385,Vestfrost VF 9100,Vestfrost,Orta Kapasite,Orta Devir,YOK,YOK,YOK,YOK,YOK,VAR,VAR,YOK,VAR,YOK,YOK,VAR,2913.06, https://iis-akakce.akamaized.net/p.z?%2F%2Fproductimages%2Ehepsiburada%2Enet%2Fs%2F112%2F600%2F110000059244132%2Ejpg
386,Bosch WAX28M81TR 1400,Bosch,Orta Kapasite,Yüksek Devir,Standart Boyut,Az Önemli,VAR,VAR,VAR,YOK,VAR,YOK,YOK,YOK,YOK,VAR,11399.0, https://iis-akakce.akamaized.net/p.z?%2F%2Freimg%2Dteknosa%2Dcloud%2Dprod%2Emncdn%2Ecom%2Fmnresize%2F600%2F600%2Fproductimage%2F115021253%2F115021253%5F1%5FMC%2F52978581%2Epng
387,Siemens WM14UP90TR Wi-Fi,Siemens,Orta Kapasite,Yüksek Devir,YOK,Az Önemli,VAR,VAR,VAR,VAR,VAR,YOK,YOK,YOK,VAR,VAR,6869.0, https://iis-akakce.akamaized.net/p.z?%2F%2Fimg%2Epttavm%2Ecom%2Fpimages%2F592%2F119%2F264%2F612cbadfb1eab%2Ejpg%3Fv%3D201910111519
388,Samsung WW90K44305W 1400,Samsung,Orta Kapasite,Yüksek Devir,Standart Boyut,Çok Önemli,YOK,YOK,YOK,VAR,VAR,YOK,YOK,VAR,YOK,VAR,5630.6, https://iis-akakce.akamaized.net/p.z?%2F%2Fproductimages%2Ehepsiburada%2Enet%2Fs%2F38%2F600%2F10593021755442%2Ejpg
389,Teka SPA TKD,Teka,Orta Kapasite,Yüksek Devir,Standart Boyut,YOK,YOK,YOK,VAR,VAR,VAR,YOK,YOK,VAR,VAR,VAR,4888.0, https://cdn.akakce.com/teka/teka-spa-tkd-1490-1400-devir-9-kg-z.jpg
390,Hotpoint-Ariston RPD 1146,Hotpoint-Ariston,Yüksek Kapasite,Yüksek Devir,YOK,Çok Önemli,YOK,YOK,YOK,YOK,YOK,YOK,YOK,YOK,YOK,YOK,4099.0, https://cdn.akakce.com/hotpoint-ariston/hotpoint-ariston-rpd-1146-dx-tk-a-1400-devir-11-kg-z.jpg
391,Vestfrost VFR 7101,Vestfrost,Orta Kapasite,Orta Devir,YOK,Çok Önemli,YOK,YOK,YOK,YOK,VAR,YOK,YOK,YOK,YOK,VAR,2555.86, https://iis-akakce.akamaized.net/p.z?%2F%2Fproductimages%2Ehepsiburada%2Enet%2Fs%2F141%2F600%2F110000093923536%2Ejpg
392,Siemens 1400 Devir,Siemens,Orta Kapasite,YOK,YOK,YOK,YOK,YOK,YOK,YOK,YOK,YOK,YOK,YOK,YOK,YOK,5989.0, https://iis-akakce.akamaized.net/p.z?%2F%2Fcdn%2Edsmcdn%2Ecom%2Fty28%2Fproduct%2Fmedia%2Fimages%2F20201130%2F17%2F33815166%2F114714428%2F1%2F1%5Forg%5Fzoom%2Ejpg
393,Bosch WAX28M8STR Wi-Fi,Bosch,Orta Kapasite,Yüksek Devir,YOK,Az Önemli,VAR,VAR,VAR,YOK,VAR,YOK,YOK,YOK,VAR,VAR,12999.0, https://iis-akakce.akamaized.net/p.z?%2F%2Fwww%2Eaynigunkargo%2Ecom%2FProductImages%2F617675%2Fbig%2Fwax28m8str%2Epng
394,Silverline WM14029W01 1400,Silverline,Orta Kapasite,Yüksek Devir,Standart Boyut,YOK,YOK,YOK,YOK,VAR,VAR,YOK,YOK,YOK,VAR,VAR,3862.46, https://cdn.akakce.com/silverline/silverline-wm14029w01-10kg-a-1400-devir-z.jpg
395,Vestfrost VF 8100,Vestfrost,Orta Kapasite,Orta Devir,YOK,Çok Önemli,YOK,YOK,YOK,VAR,VAR,YOK,YOK,YOK,YOK,VAR,2555.86, https://cdn.akakce.com/vestfrost/vestfrost-vf-8100-8-kg-1000-devir-z.jpg
396,Vestel CMI 87102.1,Vestel,Orta Kapasite,Orta Devir,Standart Boyut,Az Önemli,VAR,VAR,YOK,VAR,VAR,YOK,VAR,YOK,VAR,YOK,3316.43, https://cdn.akakce.com/vestel/vestel-cmi-87102-g-wifi-a-1000-devir-8-kg-z.jpg
397,Regal CM 8102,Regal,Orta Kapasite,Orta Devir,Standart Boyut,Çok Önemli,YOK,YOK,YOK,VAR,VAR,YOK,VAR,YOK,VAR,VAR,2772.06, https://cdn.akakce.com/regal/regal-cm-8102-a-1000-devir-8-kg-z.jpg
398,Samsung WW90M74FNOA Quick,Samsung,Orta Kapasite,Yüksek Devir,Standart Boyut,Çok Önemli,YOK,YOK,YOK,YOK,VAR,VAR,YOK,YOK,VAR,VAR,8499.0, https://iis-akakce.akamaized.net/p.z?%2F%2Fn11scdn%2Eakamaized%2Enet%2Fa1%2F1024%2Felektronik%2Fcamasir%2Dmakinesi%2Fsamsung%2Dww90m74fnoa%2Da%2D1400%2Ddevir%2D9%2Dkg%2Dcamasir%2Dmakinesi%5F%5F1238411046758403%2Ejpg
399,Vestfrost VF 6101,Vestfrost,Düşük Kapasite,Orta Devir,YOK,Önemli,YOK,YOK,YOK,YOK,VAR,YOK,YOK,YOK,YOK,VAR,2539.0, https://iis-akakce.akamaized.net/p.z?%2F%2Fcdn%2Edsmcdn%2Ecom%2Fty133%2Fproduct%2Fmedia%2Fimages%2F20210617%2F14%2F101824019%2F189992414%2F1%2F1%5Forg%5Fzoom%2Ejpg
400,Altus A+++ 9,Altus,Orta Kapasite,Orta Devir,YOK,YOK,YOK,YOK,YOK,YOK,YOK,YOK,YOK,YOK,YOK,YOK,4400.0, https://iis-akakce.akamaized.net/p.z?%2F%2Fcdn%2Edsmcdn%2Ecom%2Fty28%2Fproduct%2Fmedia%2Fimages%2F20210329%2F15%2F75986775%2F76118324%2F1%2F1%5Forg%5Fzoom%2Ejpg
401,Vestel CMI 9710,Vestel,Orta Kapasite,Orta Devir,Standart Boyut,Çok Önemli,VAR,YOK,YOK,VAR,VAR,YOK,VAR,YOK,VAR,VAR,4499.0, https://iis-akakce.akamaized.net/p.z?%2F%2Fcdn%2Edsmcdn%2Ecom%2Fty43%2Fproduct%2Fmedia%2Fimages%2F20201229%2F16%2F43320891%2F118108052%2F1%2F1%5Forg%5Fzoom%2Ejpg
402,Samsung WF80F5EFW2W A+++,Samsung,Orta Kapasite,Orta Devir,Standart Boyut,Çok Önemli,YOK,YOK,YOK,VAR,VAR,YOK,YOK,VAR,YOK,VAR,4935.0, https://iis-akakce.akamaized.net/p.z?%2F%2Fproductimages%2Ehepsiburada%2Enet%2Fs%2F1%2F600%2F9539697737778%2Ejpg
403,Siemens WM14T680TR A+++,Siemens,Orta Kapasite,Yüksek Devir,YOK,Çok Önemli,YOK,YOK,YOK,YOK,YOK,YOK,YOK,YOK,YOK,YOK,5643.0, https://iis-akakce.akamaized.net/p.z?%2F%2Fst3%2Emyideasoft%2Ecom%2Fidea%2Fib%2F40%2Fmyassets%2Fproducts%2F093%2Fb%2Dsiemens%2Dwm14t680tr%2D1%2Ejpg%3Frevision%3D1617717907
404,Vestel CMI 96101,Vestel,Orta Kapasite,Orta Devir,Standart Boyut,Az Önemli,VAR,YOK,YOK,VAR,YOK,VAR,VAR,YOK,YOK,YOK,3498.0, https://cdn.akakce.com/vestel/vestel-cmi-96101-a-1000-devir-9-kg-z.jpg
405,LG 1400 Devir,LG,YOK,YOK,YOK,YOK,YOK,YOK,YOK,YOK,YOK,YOK,YOK,YOK,YOK,YOK,6389.0, https://iis-akakce.akamaized.net/p.z?%2F%2Fcdn%2Edsmcdn%2Ecom%2Fty106%2Fproduct%2Fmedia%2Fimages%2F20210423%2F12%2F82255155%2F89900841%2F1%2F1%5Forg%5Fzoom%2Ejpg
406,Profilo 9 Kg.1,Profilo,Orta Kapasite,YOK,YOK,YOK,YOK,YOK,YOK,YOK,YOK,YOK,YOK,YOK,YOK,YOK,4239.0, https://iis-akakce.akamaized.net/p.z?%2F%2Fcdn%2Edsmcdn%2Ecom%2Fty85%2Fproduct%2Fmedia%2Fimages%2F20210313%2F11%2F71042925%2F151775649%2F1%2F1%5Forg%5Fzoom%2Ejpg
407,Samsung WW80K44305W 1400,Samsung,Orta Kapasite,Yüksek Devir,YOK,Çok Önemli,YOK,YOK,YOK,YOK,VAR,YOK,YOK,YOK,YOK,YOK,4981.06, https://iis-akakce.akamaized.net/p.z?%2F%2Fproductimages%2Ehepsiburada%2Enet%2Fs%2F38%2F600%2F10593021853746%2Ejpg
