,Unnamed: 0,full_name,brand,capacity,type_,size,energy_usage,box,wifi,control_panel,number_of_program,water_consumption,price,image
0,0,Arçelik 6144 Ultra,Arçelik,Yüksek Kapasite,Solo,Standart Boyut,Önemsiz,Sepetli,VAR,VAR,2-4 Program,Yüksek Tüketim,3844.0, https://iis-akakce.akamaized.net/p.z?%2F%2Fst1%2Emyideasoft%2Ecom%2Fidea%2Fdc%2F39%2Fmyassets%2Fproducts%2F375%2F6144%2Epng%3Frevision%3D1616535915
1,1,Vestel BM 3111,Vestel,Orta Kapasite,Solo,Standart Boyut,Önemsiz,Sepetli,VAR,VAR,2-4 Program,Orta Tüketim,2975.0, https://iis-akakce.akamaized.net/p.z?%2F%2Fn11scdn%2Eakamaized%2Enet%2Fa1%2F1024%2Felektronik%2Fbulasik%2Dmakinesi%2Fvestel%2Dbm%2D3111%2Dg%2D3%2Dprogramli%2D13%2Dkisilik%2Dbulasik%2Dmakinesi%5F%5F0738363127611610%2Ejpg
2,2,Arçelik 6133 3,Arçelik,Orta Kapasite,Solo,Standart Boyut,Önemsiz,Sepetli,VAR,VAR,2-4 Program,Yüksek Tüketim,3366.85, https://cdn.akakce.com/arcelik/arcelik-6133-3-programli-z.jpg
3,3,Bosch SMS44DI00T 4,Bosch,Düşük Kapasite,Solo,Standart Boyut,Önemsiz,Sepetli,VAR,VAR,2-4 Program,Yüksek Tüketim,5341.0, https://cdn.akakce.com/bosch/bosch-sms44di00t-a-4-programli-inox-z.jpg
4,4,Arçelik 6055 UH,Arçelik,Yüksek Kapasite,Solo,Standart Boyut,Önemsiz,Sepetli,VAR,VAR,5-8 Program,Yüksek Tüketim,4290.99, https://cdn.akakce.com/arcelik/arcelik-6055-uh-i-ultra-hijyen-5-programli-z.jpg
5,5,Vestel BM 4202,Vestel,Orta Kapasite,Solo,Standart Boyut,Önemsiz,Sepetli,VAR,VAR,2-4 Program,Yüksek Tüketim,3407.04, https://cdn.akakce.com/vestel/vestel-bm-4202-x-wifi-4-programli-inox-z.jpg
6,6,Bosch SMS44DW00T 4,Bosch,Düşük Kapasite,Solo,Standart Boyut,Önemsiz,Sepetli,VAR,VAR,2-4 Program,Yüksek Tüketim,4999.0, https://cdn.akakce.com/bosch/bosch-sms44dw00t-a-4-programli-z.jpg
7,7,Hoover HFDN 1L360OW-17,Hoover,Orta Kapasite,Solo,Standart Boyut,Önemsiz,Sepetli,VAR,VAR,5-8 Program,Orta Tüketim,2749.0, https://cdn.akakce.com/hoover/hoover-hfdn-1l360ow-17-a-5-programli-z.jpg
8,8,Altus AL 413,Altus,Düşük Kapasite,Solo,Standart Boyut,Önemli,Sepetli,VAR,VAR,2-4 Program,Yüksek Tüketim,3199.0, https://cdn.akakce.com/altus/altus-al-413-c-a-3-programli-z.jpg
9,9,Profilo BM4320EG 4,Profilo,Düşük Kapasite,Solo,Standart Boyut,Önemsiz,Sepetli,VAR,VAR,2-4 Program,Orta Tüketim,3949.99, https://cdn.akakce.com/profilo/profilo-bm4320eg-a-4-programli-z.jpg
10,10,Grundig GDF 5303,Grundig,Yüksek Kapasite,Solo,Standart Boyut,Önemsiz,Sepetli,VAR,VAR,5-8 Program,Yüksek Tüketim,3799.0, https://iis-akakce.akamaized.net/p.z?%2F%2Freimg%2Dteknosa%2Dcloud%2Dprod%2Emncdn%2Ecom%2Fmnresize%2F600%2F600%2Fproductimage%2F115030713%2F115030713%5F0%5FMC%2F52748344%2Epng
11,11,Altus AL 434,Altus,Orta Kapasite,Solo,Standart Boyut,Önemsiz,Sepetli,VAR,VAR,2-4 Program,Düşük Tüketim,2868.48, https://iis-akakce.akamaized.net/p.z?%2F%2Fproductimages%2Ehepsiburada%2Enet%2Fs%2F73%2F600%2F110000014888821%2Ejpg
12,12,Arçelik 6031 3,Arçelik,Orta Kapasite,Solo,Standart Boyut,Önemsiz,Sepetli,VAR,VAR,2-4 Program,Yüksek Tüketim,3340.0, https://iis-akakce.akamaized.net/p.z?%2F%2Fst3%2Emyideasoft%2Ecom%2Fidea%2Fhr%2F55%2Fmyassets%2Fproducts%2F375%2F1%2Epng%3Frevision%3D1636448424
13,13,Arçelik 6144 I,Arçelik,Yüksek Kapasite,Solo,Standart Boyut,Önemsiz,Çekmeceli,VAR,VAR,2-4 Program,Yüksek Tüketim,4343.9, https://cdn.akakce.com/arcelik/arcelik-6144-i-ultra-hijyen-4-programli-inox-z.jpg
14,14,Vestel BM 5302,Vestel,Orta Kapasite,Solo,Standart Boyut,Önemsiz,Çekmeceli,VAR,VAR,5-8 Program,Yüksek Tüketim,3875.0, https://cdn.akakce.com/vestel/vestel-bm-5302-x-wifi-5-programli-inox-z.jpg
15,15,Siemens SN234W00DT 4,Siemens,Düşük Kapasite,Solo,Standart Boyut,Önemsiz,Sepetli,VAR,VAR,2-4 Program,Yüksek Tüketim,4999.0, https://cdn.akakce.com/siemens/siemens-sn234w00dt-a-4-programli-z.jpg
16,16,Windsor WS 3214,Windsor,Düşük Kapasite,Ankastre,Standart Boyut,Çok Önemli,Sepetli,VAR,VAR,2-4 Program,Yüksek Tüketim,2045.07, https://iis-akakce.akamaized.net/p.z?%2F%2Fcdn%2Edsmcdn%2Ecom%2Fty104%2Fproduct%2Fmedia%2Fimages%2F20210413%2F14%2F79780633%2F163365452%2F1%2F1%5Forg%5Fzoom%2Ejpg
17,17,Bosch SMS45JW00T 5,Bosch,Düşük Kapasite,Solo,Standart Boyut,Önemsiz,Sepetli,VAR,VAR,5-8 Program,Orta Tüketim,5999.0, https://iis-akakce.akamaized.net/p.z?%2F%2Fn11scdn%2Eakamaized%2Enet%2Fa1%2F1024%2Felektronik%2Fbulasik%2Dmakinesi%2Fbosch%2Dsms45jw00t%2Da%2D5%2Dprogramli%2Dbulasik%2Dmakinesi%5F%5F1515434014172849%2Ejpg
18,18,Arçelik 6155 5,Arçelik,Yüksek Kapasite,Solo,Standart Boyut,Önemsiz,Sepetli,VAR,VAR,5-8 Program,Orta Tüketim,4292.0, https://cdn.akakce.com/arcelik/arcelik-6155-5-programli-z.jpg
19,19,Bosch SGS4IMI60T 6,Bosch,Orta Kapasite,Solo,Standart Boyut,Önemsiz,Çekmeceli,VAR,VAR,5-8 Program,Düşük Tüketim,5993.0, https://cdn.akakce.com/z/bosch/bosch-sgs4imi60t-6-programli-inox.jpg
20,20,Beko BM 3043,Beko,Orta Kapasite,Solo,Standart Boyut,Önemsiz,Sepetli,VAR,VAR,2-4 Program,Yüksek Tüketim,3695.0, https://iis-akakce.akamaized.net/p.z?%2F%2Fst2%2Emyideasoft%2Ecom%2Fidea%2Fhi%2F25%2Fmyassets%2Fproducts%2F319%2F2%2Epng%3Frevision%3D1619618078
21,21,Arçelik 6155 I,Arçelik,Yüksek Kapasite,Solo,Standart Boyut,Önemsiz,Sepetli,VAR,VAR,5-8 Program,Orta Tüketim,4495.0, https://cdn.akakce.com/arcelik/arcelik-6155-i-5-programli-inox-z.jpg
22,22,Siemens SN234I00DT 4,Siemens,Düşük Kapasite,Solo,Standart Boyut,Önemsiz,Sepetli,VAR,VAR,2-4 Program,Orta Tüketim,5507.48, https://cdn.akakce.com/siemens/siemens-sn234i00dt-a-4-programli-inox-z.jpg
23,23,Grundig GDF 6504,Grundig,Yüksek Kapasite,Solo,Standart Boyut,Önemsiz,Sepetli,VAR,VAR,5-8 Program,Orta Tüketim,4319.04, https://cdn.akakce.com/grundig/grundig-gdf-6504-i-6-programli-z.jpg
24,24,Seg SBM 3020,Seg,Düşük Kapasite,Ankastre,Standart Boyut,Çok Önemli,Çekmeceli,VAR,VAR,2-4 Program,Yüksek Tüketim,2099.0, https://cdn.akakce.com/seg/seg-sbm-3020-a-3-programli-z.jpg
25,25,Altus AL 445,Altus,Yüksek Kapasite,Solo,Standart Boyut,Önemsiz,Sepetli,VAR,VAR,5-8 Program,Yüksek Tüketim,3178.9, https://iis-akakce.akamaized.net/p.z?%2F%2Fst2%2Emyideasoft%2Ecom%2Fidea%2Fiy%2F62%2Fmyassets%2Fproducts%2F580%2F110000014888822%2Ejpg%3Frevision%3D1634571186
26,26,Seg SBM 4020,Seg,Düşük Kapasite,Solo,Standart Boyut,Önemsiz,Sepetli,VAR,VAR,2-4 Program,Düşük Tüketim,2299.0, https://cdn.akakce.com/seg/seg-sbm-4020-4-programli-z.jpg
27,27,Beko BM 4044,Beko,Yüksek Kapasite,Solo,Standart Boyut,Önemsiz,Sepetli,VAR,VAR,2-4 Program,Yüksek Tüketim,4490.0, https://cdn.akakce.com/beko/beko-bm-4044-a-aktif-hijyen-4-pgoramli-z.jpg
28,28,Bosch SMS45JI00T 5,Bosch,Düşük Kapasite,Solo,Standart Boyut,Önemsiz,Sepetli,VAR,VAR,5-8 Program,Orta Tüketim,5249.0, https://cdn.akakce.com/bosch/bosch-sms45ji00t-a-5-programli-inox-z.jpg
29,29,Vestel BM 8302,Finlux,Yüksek Kapasite,Ankastre,Standart Boyut,Önemsiz,Çekmeceli,VAR,VAR,5-8 Program,Yüksek Tüketim,4314.0, https://iis-akakce.akamaized.net/p.z?%2F%2Fst1%2Emyideasoft%2Ecom%2Fshop%2Fcd%2F37%2Fmyassets%2Fproducts%2F815%2F6302%2Dfl%2Doptimized%2Ejpg%3Frevision%3D1566476957
30,30,LG DFC425FP 8,LG,Yüksek Kapasite,Solo,Standart Boyut,Önemsiz,Çekmeceli,VAR,VAR,5-8 Program,Düşük Tüketim,8784.0, https://iis-akakce.akamaized.net/p.z?%2F%2Fn11scdn%2Eakamaized%2Enet%2Fa1%2F1024%2Felektronik%2Fbulasik%2Dmakinesi%2Flg%2Ddfc425fp%2Dquadwash%2D14%2Dkisilik%2Dbulasik%2Dmakinesi%5F%5F0340230399377593%2Ejpg
31,31,Profilo BM4380EG 4,Profilo,Düşük Kapasite,Solo,Standart Boyut,Önemsiz,Sepetli,VAR,VAR,2-4 Program,Orta Tüketim,3936.0, https://cdn.akakce.com/profilo/profilo-bm4380eg-a-4-programli-inox-z.jpg
32,32,LG DFC325HD Bulaşık,LG,Yüksek Kapasite,Solo,Standart Boyut,Önemsiz,Çekmeceli,VAR,VAR,2-4 Program,Düşük Tüketim,8749.0, https://cdn.akakce.com/lg/lg-dfc325hd-z.jpg
33,33,Arçelik 6166 6,Arçelik,Yüksek Kapasite,Solo,Standart Boyut,Önemsiz,Çekmeceli,VAR,VAR,5-8 Program,Düşük Tüketim,4780.0, https://iis-akakce.akamaized.net/p.z?%2F%2Fst2%2Emyideasoft%2Ecom%2Fidea%2Fhr%2F55%2Fmyassets%2Fproducts%2F379%2Fimage%2Epng%3Frevision%3D1636527462
34,34,Windsor WS 3514,Windsor,Yüksek Kapasite,Solo,Standart Boyut,Çok Önemli,Sepetli,VAR,VAR,5-8 Program,Düşük Tüketim,2678.06, https://cdn.akakce.com/windsor/windsor-ws-3514-x-a-5-programli-inox-z.jpg
35,35,Arçelik 6166 I,Arçelik,Yüksek Kapasite,Solo,Standart Boyut,Önemsiz,Sepetli,VAR,VAR,5-8 Program,Düşük Tüketim,5348.85, https://iis-akakce.akamaized.net/p.z?%2F%2Fst3%2Emyideasoft%2Ecom%2Fidea%2Fbl%2F79%2Fmyassets%2Fproducts%2F557%2Farcelik%2D6166%2Di%2D6%2Dprogramli%2Dbulasik%2Dmakinesi%2Dbeyazesyaevimde%2Ejpg%3Frevision%3D1618908265
36,36,Vestel BMA 4202,Vestel,Orta Kapasite,Ankastre,Standart Boyut,Önemsiz,Çekmeceli,VAR,VAR,2-4 Program,Orta Tüketim,4119.0, https://cdn.akakce.com/vestel/vestel-bma-4202-x-wifi-4-programli-ankastre-z.jpg
37,37,Samsung DW60M5042FS 4,Samsung,Orta Kapasite,Solo,Standart Boyut,Önemsiz,Sepetli,VAR,VAR,2-4 Program,Orta Tüketim,5149.0, https://cdn.akakce.com/samsung/samsung-dw60m5042fs-a-4-programli-z.jpg
38,38,Beko BM 5115,Beko,Yüksek Kapasite,Solo,Standart Boyut,Önemsiz,Sepetli,VAR,VAR,5-8 Program,Yüksek Tüketim,4149.0, https://cdn.akakce.com/beko/beko-bm-5115-i-aktif-hijyen-a-5-programli-z.jpg
39,39,Silverline D11033B01 5,Windsor,Orta Kapasite,Ankastre,Standart Boyut,Önemsiz,Çekmeceli,VAR,VAR,9+,Yüksek Tüketim,3499.0, https://iis-akakce.akamaized.net/p.z?%2F%2Fproductimages%2Ehepsiburada%2Enet%2Fs%2F23%2F600%2F9993657876530%2Ejpg
40,40,Grundig GDF 8503,Grundig,Yüksek Kapasite,Solo,Standart Boyut,Önemsiz,Sepetli,VAR,VAR,5-8 Program,Düşük Tüketim,4799.04, https://iis-akakce.akamaized.net/p.z?%2F%2Fproductimages%2Ehepsiburada%2Enet%2Fs%2F70%2F600%2F110000011599920%2Ejpg
41,41,Siemens SE23II60MT 5,Hoover,Orta Kapasite,Ankastre,Standart Boyut,Önemsiz,Çekmeceli,VAR,VAR,5-8 Program,Yüksek Tüketim,5249.0, https://cdn.akakce.com/bosch/bosch-sms44di00t-a-4-programli-inox-z.jpg
42,42,Bosch SGS4EKI60T 6,Bosch,Düşük Kapasite,Solo,Standart Boyut,Az Önemli,Sepetli,VAR,VAR,5-8 Program,Düşük Tüketim,6650.0, https://iis-akakce.akamaized.net/p.z?%2F%2Fst2%2Emyideasoft%2Ecom%2Fidea%2Fdr%2F49%2Fmyassets%2Fproducts%2F615%2Fsgs4eki60t%2Ejpg%3Frevision%3D1636704712
43,43,Vestel BM 3101,Vestel,Orta Kapasite,Solo,Standart Boyut,Çok Önemli,Sepetli,VAR,VAR,2-4 Program,Düşük Tüketim,3498.0, https://cdn.akakce.com/vestel/vestel-bm-3101-g-a-3-programli-z.jpg
44,44,Grundig GDF 6503,Grundig,Yüksek Kapasite,Solo,Standart Boyut,Önemsiz,Sepetli,VAR,VAR,5-8 Program,Orta Tüketim,3499.0, https://iis-akakce.akamaized.net/p.z?%2F%2Fproductimages%2Ehepsiburada%2Enet%2Fs%2F70%2F600%2F110000011218576%2Ejpg
45,45,Arçelik 6144 A,Arçelik,Yüksek Kapasite,Solo,Standart Boyut,Az Önemli,Çekmeceli,VAR,VAR,2-4 Program,Yüksek Tüketim,4392.0, https://iis-akakce.akamaized.net/p.z?%2F%2Fsadirvanonline%2Ecom%2Fimages%2F600%2F5477d7410ace0714ac3898f7907df6a9dcc%2Ewebp
46,46,Profilo BM6481MA 6,Profilo,Düşük Kapasite,Solo,Standart Boyut,Önemsiz,Sepetli,VAR,VAR,5-8 Program,Yüksek Tüketim,4499.0, https://cdn.akakce.com/z/profilo/profilo-bm6481ma-a-6-programli-inox.jpg
47,47,Bosch SMI25DB00T 5,Bosch,Düşük Kapasite,Ankastre,Standart Boyut,Önemsiz,Sepetli,VAR,VAR,5-8 Program,Orta Tüketim,4917.3, https://cdn.akakce.com/bosch/bosch-smi25db00t-a-5-programli-siyah-ankastre-z.jpg
48,48,Regal Prestij BM,Regal,Düşük Kapasite,Solo,Standart Boyut,Önemsiz,Sepetli,VAR,VAR,5-8 Program,Düşük Tüketim,3340.8, https://cdn.akakce.com/regal/regal-prestij-bm-621-a-6-programli-z.jpg
49,49,Arçelik 6133 S,Arçelik,Orta Kapasite,Solo,Standart Boyut,Önemsiz,Sepetli,VAR,VAR,2-4 Program,Yüksek Tüketim,3684.0, https://cdn.akakce.com/arcelik/arcelik-6133-s-a-3-programli-z.jpg
50,50,Siemens SE23II60MT 5,Siemens,Yüksek Kapasite,Solo,Standart Boyut,Az Önemli,Çekmeceli,VAR,VAR,5-8 Program,Orta Tüketim,7107.28, https://iis-akakce.akamaized.net/p.z?%2F%2Fn11scdn%2Eakamaized%2Enet%2Fa1%2F1024%2Felektronik%2Fbulasik%2Dmakinesi%2Fsiemens%2Dse23ii60mt%2D51%2Dprogramli%2D13%2Dkisilik%2Dbulasik%2Dmakinesi%5F%5F0398623538915366%2Ejpg
51,51,Siemens SN515S00DT 5,Siemens,Orta Kapasite,Ankastre,Standart Boyut,Önemsiz,Sepetli,VAR,VAR,5-8 Program,Orta Tüketim,5401.0, https://cdn.akakce.com/siemens/siemens-sn515s00dt-a-5-programli-inox-ankastre-z.jpg
52,52,Arçelik 9463 FCB,Silverline,Düşük Kapasite,Ankastre,Standart Boyut,Az Önemli,Sepetli,VAR,VAR,9+,Orta Tüketim,3199.0, https://iis-akakce.akamaized.net/p.z?%2F%2Fcdn%2Edsmcdn%2Ecom%2Fty127%2Fproduct%2Fmedia%2Fimages%2F20210608%2F13%2F97291814%2F184613626%2F1%2F1%5Forg%5Fzoom%2Ejpg
53,53,Samsung DW60M5042FW 4,Samsung,Orta Kapasite,Solo,Standart Boyut,Önemsiz,Sepetli,VAR,VAR,2-4 Program,Yüksek Tüketim,4849.0, https://cdn.akakce.com/samsung/samsung-dw60m5042fw-a-4-programli-z.jpg
54,54,Grundig GDF 5204,Grundig,Orta Kapasite,Solo,Standart Boyut,Önemsiz,Sepetli,VAR,VAR,5-8 Program,Düşük Tüketim,3049.0, https://cdn.akakce.com/grundig/grundig-gdf-5204-5-programli-z.jpg
55,55,Bosch SMI25DW00T 5,Bosch,Düşük Kapasite,Ankastre,Standart Boyut,Önemsiz,Sepetli,VAR,VAR,5-8 Program,Düşük Tüketim,4799.0, https://cdn.akakce.com/bosch/bosch-smi25dw00t-a-5-programli-beyaz-ankastre-z.jpg
56,56,Bosch SMS4EKW60T Wi-Fi,Bosch,Düşük Kapasite,Solo,Standart Boyut,Az Önemli,Sepetli,VAR,VAR,5-8 Program,Düşük Tüketim,6395.0, https://cdn.akakce.com/bosch/bosch-sms4ekw60t-wi-fi-6-programli-z.jpg
57,57,Samsung DW60M5052FS/TR 5,Samsung,Orta Kapasite,Solo,Standart Boyut,Önemsiz,Sepetli,VAR,VAR,5-8 Program,Yüksek Tüketim,6114.24, https://cdn.akakce.com/samsung/samsung-dw60m5052fs-tr-a-5-programli-inox-z.jpg
58,58,Bosch SMS4IKI60T Wi-Fi,Bosch,Düşük Kapasite,Solo,Standart Boyut,Önemsiz,Sepetli,VAR,VAR,5-8 Program,Orta Tüketim,6398.0, https://cdn.akakce.com/bosch/bosch-sms4iki60t-wi-fi-6-programli-z.jpg
59,59,Bosch SMV25DX00T 5,Bosch,Düşük Kapasite,Ankastre,Standart Boyut,Önemsiz,Sepetli,VAR,VAR,5-8 Program,Orta Tüketim,5999.0, https://iis-akakce.akamaized.net/p.z?%2F%2Fwww%2Etayhanbeyazesya%2Ecom%2FUploads%2FUrunResimleri%2Fseri%2D2%2Dtam%2Dankastre%2Dbulasik%2Dmakinesi%2D60%2D%2D2c32%2Ejpg
60,60,LG DFC512FW 9,LG,Yüksek Kapasite,Solo,Standart Boyut,Önemsiz,Sepetli,VAR,VAR,9+,Düşük Tüketim,7459.0, https://cdn.akakce.com/lg/lg-dfc512fw9-9-programli-z.jpg
61,61,Hoover HF 6C2S0FS-17,Hoover,Yüksek Kapasite,Solo,Standart Boyut,Az Önemli,Sepetli,VAR,VAR,9+,Orta Tüketim,4799.04, https://cdn.akakce.com/z/hoover/hoover-hf-6c2s0fs-17-wi-fi-12-programli-inox.jpg
62,62,Profilo BMA5161EG 5,Profilo,Düşük Kapasite,Ankastre,Standart Boyut,Önemsiz,Sepetli,VAR,VAR,5-8 Program,Orta Tüketim,4195.0, https://iis-akakce.akamaized.net/p.z?%2F%2Fst1%2Emyideasoft%2Ecom%2Fidea%2Ffw%2F58%2Fmyassets%2Fproducts%2F017%2Fanyconv%2Dcom%2Dprofilo%2Dbma5161eg%2Dyari%2Dankastre%2Dbulasik%2Dmakinesi%2D60%2Dcm%2Ejpg%3Frevision%3D1637663932
63,63,LG DFC512FP QuadWash,LG,Yüksek Kapasite,Solo,Standart Boyut,Önemsiz,Sepetli,VAR,VAR,9+,Düşük Tüketim,6999.0, https://cdn.akakce.com/lg/lg-dfc512fp-quadwash-z.jpg
64,64,Bosch SMI25DS00T 5,Bosch,Düşük Kapasite,Ankastre,Standart Boyut,Önemsiz,Sepetli,VAR,VAR,5-8 Program,Yüksek Tüketim,5317.0, https://cdn.akakce.com/bosch/bosch-smi25ds00t-a-5-programli-inox-ankastre-z.jpg
65,65,Beko BM 4014,Beko,Yüksek Kapasite,Solo,Standart Boyut,Önemsiz,Sepetli,VAR,VAR,2-4 Program,Yüksek Tüketim,3999.0, https://cdn.akakce.com/beko/beko-bm-4014-i-a-4-programli-z.jpg
66,66,Profilo BMS621V1 Wi-Fi,Profilo,Orta Kapasite,Solo,Standart Boyut,Önemsiz,Çekmeceli,VAR,VAR,5-8 Program,Düşük Tüketim,5349.0, https://iis-akakce.akamaized.net/p.z?%2F%2Fst3%2Emyideasoft%2Ecom%2Fidea%2Fib%2F40%2Fmyassets%2Fproducts%2F281%2F1%2Ejpg%3Frevision%3D1635333070
67,67,Arçelik 9252 MI,Arçelik,Orta Kapasite,Ankastre,Standart Boyut,Önemsiz,Sepetli,VAR,VAR,5-8 Program,Yüksek Tüketim,3839.39, https://cdn.akakce.com/arcelik/arcelik-9252-mi-a-5-programli-ankastre-z.jpg
68,68,Siemens SN615X00DT 5,Siemens,Düşük Kapasite,Ankastre,Standart Boyut,Önemsiz,Sepetli,VAR,VAR,5-8 Program,Yüksek Tüketim,5699.0, https://cdn.akakce.com/siemens/siemens-sn615x00dt-a-5-programli-ankastre-z.jpg
69,69,Arçelik 6031 S,Arçelik,Orta Kapasite,Solo,Standart Boyut,Önemsiz,Sepetli,VAR,VAR,2-4 Program,Yüksek Tüketim,3690.0, https://iis-akakce.akamaized.net/p.z?%2F%2Fwww%2Emarkacenter%2Ecom%2FUploads%2FUrunResimleri%2Farcelik%2D6031%2Ds%2Dbulasik%2Dmakinesi%2D%2Dbc9c7%2Epng
70,70,Profilo BMA5101EV 5,Profilo,Düşük Kapasite,Ankastre,Standart Boyut,Önemsiz,Sepetli,VAR,VAR,5-8 Program,Yüksek Tüketim,3899.0, https://iis-akakce.akamaized.net/p.z?%2F%2Fplatincdn%2Ecom%2F3565%2Fpictures%2Fthumb%2F350X%2DDALSJDLYEM172021115620%5F1521%2Ejpg
71,71,Profilo BM6421MA 6,Profilo,Düşük Kapasite,Solo,Standart Boyut,Önemsiz,Sepetli,VAR,VAR,5-8 Program,Düşük Tüketim,4515.0, https://cdn.akakce.com/profilo/profilo-bm6421ma-a-6-programli-z.jpg
72,72,Arçelik AB 240,Arçelik,Orta Kapasite,Ankastre,Standart Boyut,Önemsiz,Sepetli,VAR,VAR,2-4 Program,Yüksek Tüketim,4123.9, https://cdn.akakce.com/arcelik/arcelik-ab-240-tam-ankastre-z.jpg
73,73,Profilo BM3125EG 3,Profilo,Düşük Kapasite,Solo,Standart Boyut,Önemsiz,Sepetli,VAR,VAR,2-4 Program,Düşük Tüketim,3359.04, https://cdn.akakce.com/profilo/profilo-bm3125eg-3-programli-z.jpg
74,74,Electrolux ESF2400OW Kompakt,Electrolux,Düşük Kapasite,Solo,Standart Boyut,Önemsiz,Sepetli,VAR,VAR,5-8 Program,Düşük Tüketim,4511.04, https://cdn.akakce.com/electrolux/electrolux-esf2400ow-kompakt-a-6-programli-tezgah-ustu-z.jpg
75,75,Bosch SGS4EKW60T 6,Bosch,Düşük Kapasite,Solo,Standart Boyut,Az Önemli,Sepetli,VAR,VAR,5-8 Program,Düşük Tüketim,6389.0, https://cdn.akakce.com/z/bosch/bosch-sgs4ekw60t-6-programli-12-kisilik.jpg
76,76,Altus Al 404,Altus,Orta Kapasite,Solo,Standart Boyut,Önemsiz,Sepetli,VAR,VAR,2-4 Program,Yüksek Tüketim,2799.0, https://iis-akakce.akamaized.net/p.z?%2F%2Fmcdn01%2Egittigidiyor%2Enet%2F73859%2F738590825%5F0%2Ejpg
77,77,Siemens SN27ZI80DT Wi-Fi,Regal,Yüksek Kapasite,Solo,Standart Boyut,Çok Önemli,Çekmeceli,VAR,VAR,5-8 Program,Orta Tüketim,4515.0, https://iis-akakce.akamaized.net/p.z?%2F%2Fwww%2Egizerler%2Ecom%2Fassets%2Fproduct%2Dimages%2F111000%2Fsamsung%2Ddw60m5062fstr%2D6%2Dprogramli%2Df%2Denerji%2D13%2Dkisilik%2Dinox%2Dbulasik%2Dmakinesi%5F40567%2Ejpg
78,78,Bosch SMS4HMB60T Wi-Fi,Bosch,Orta Kapasite,Solo,Standart Boyut,Önemsiz,Çekmeceli,VAR,VAR,5-8 Program,Düşük Tüketim,9449.0, https://cdn.akakce.com/bosch/bosch-sms4hmb60t-wi-fi-6-programli-siyah-z.jpg
79,79,Vestel BM 5101,Vestel,Orta Kapasite,Solo,Standart Boyut,Önemsiz,Sepetli,VAR,VAR,5-8 Program,Orta Tüketim,3329.0, https://cdn.akakce.com/vestel/vestel-bm-5101-a-5-programli-z.jpg
80,80,Siemens SN515B00DT A+,Siemens,Düşük Kapasite,Ankastre,Standart Boyut,Önemsiz,Sepetli,VAR,VAR,5-8 Program,Yüksek Tüketim,5500.0, https://cdn.akakce.com/siemens/siemens-sn515b00dt-a-5-programli-ankastre-z.jpg
81,81,Arçelik 9464 STA,Arçelik,Yüksek Kapasite,Ankastre,Standart Boyut,Önemsiz,Sepetli,VAR,VAR,5-8 Program,Yüksek Tüketim,4399.0, https://cdn.akakce.com/arcelik/arcelik-9464-sta-a-6-programli-ankastre-z.jpg
82,82,Profilo BM5220MA 5,Profilo,Düşük Kapasite,Solo,Standart Boyut,Önemsiz,Sepetli,VAR,VAR,5-8 Program,Düşük Tüketim,4314.0, https://cdn.akakce.com/profilo/profilo-bm5220ma-a-5-programli-z.jpg
83,83,Siemens SN23IW60MT Wi-Fi,Siemens,Orta Kapasite,Solo,Standart Boyut,Önemsiz,Sepetli,VAR,VAR,5-8 Program,Düşük Tüketim,5759.04, https://iis-akakce.akamaized.net/p.z?%2F%2Fmcdn01%2Egittigidiyor%2Enet%2F74748%2F747484386%5F0%2Ejpg
84,84,Beko BM 5045,Beko,Yüksek Kapasite,Solo,Standart Boyut,Önemsiz,Sepetli,VAR,VAR,5-8 Program,Orta Tüketim,4095.0, https://iis-akakce.akamaized.net/p.z?%2F%2Fst2%2Emyideasoft%2Ecom%2Fidea%2Fhi%2F25%2Fmyassets%2Fproducts%2F628%2F2%2Epng%3Frevision%3D1635494787
85,85,Arçelik 6566 I,Arçelik,Yüksek Kapasite,Solo,Standart Boyut,Çok Önemli,Sepetli,VAR,VAR,5-8 Program,Düşük Tüketim,4779.0, https://cdn.akakce.com/arcelik/arcelik-6566-i-autodose-a-6-programli-inox-z.jpg
86,86,Siemens SN23IW50KT 4,Siemens,Düşük Kapasite,Solo,Standart Boyut,Önemsiz,Sepetli,VAR,VAR,2-4 Program,Orta Tüketim,5280.0, https://iis-akakce.akamaized.net/p.z?%2F%2Fn11scdn%2Eakamaized%2Enet%2Fa1%2F1024%2Felektronik%2Fbulasik%2Dmakinesi%2Fsiemens%2Dsn23iw50kt%2D4%2Dprogramli%2D12%2Dkisilik%2Dbulasik%2Dmakinesi%5F%5F0395691698775361%2Epng
87,87,Siemens SN23EW60KT 6,Siemens,Düşük Kapasite,Solo,Standart Boyut,Az Önemli,Sepetli,VAR,VAR,5-8 Program,Düşük Tüketim,5759.04, https://cdn.akakce.com/siemens/siemens-sn23ew60kt-6-programli-z.jpg
88,88,Bosch SGS4IMW60T 6,Bosch,Orta Kapasite,Solo,Standart Boyut,Önemsiz,Sepetli,VAR,VAR,5-8 Program,Düşük Tüketim,5599.0, https://iis-akakce.akamaized.net/p.z?%2F%2Fwww%2Egizerler%2Ecom%2Fassets%2Fproduct%2Dimages%2F130000%2Fbosch%2Dsgs4imw60t%2D6%2Dprogramli%2De%2Denerji%2D13%2Dkisilik%2Dbeyaz%2Dbulasik%2Dmakinesi%5F54414%2Ejpg
89,89,Arçelik 6344 A,Arçelik,Yüksek Kapasite,Solo,Standart Boyut,Önemli,Sepetli,VAR,VAR,2-4 Program,Orta Tüketim,4699.0, https://iis-akakce.akamaized.net/p.z?%2F%2Fwww%2Ekarabaghome%2Ecom%2FImages%2FUrun%2F03122021190515%2Epng
90,90,Siemens SN23IW60KT 5,Siemens,Düşük Kapasite,Solo,Standart Boyut,Önemsiz,Sepetli,VAR,VAR,5-8 Program,Orta Tüketim,5876.0, https://cdn.akakce.com/siemens/siemens-sn23iw60kt-5-programli-z.jpg
91,91,Bosch SMS8ZDI80T 8,Bosch,Yüksek Kapasite,Solo,Standart Boyut,Az Önemli,Çekmeceli,VAR,VAR,5-8 Program,Yüksek Tüketim,10232.0, https://iis-akakce.akamaized.net/p.z?%2F%2Fwww%2Eilkelidtm%2Ecom%2Fimage%2Fcache%2Fplaceholder%2D500x500%2Epng
92,92,Arçelik 9363 FA,Arçelik,Yüksek Kapasite,Ankastre,Standart Boyut,Çok Önemli,Sepetli,VAR,VAR,5-8 Program,Yüksek Tüketim,4499.0, https://cdn.akakce.com/arcelik/arcelik-9363-fa-a-antrasit-ankastre-z.jpg
93,93,Grundig GDF 9602,Grundig,Yüksek Kapasite,Solo,Standart Boyut,Önemsiz,Çekmeceli,VAR,VAR,9+,Düşük Tüketim,5399.0, https://cdn.akakce.com/grundig/grundig-gdf-9602-i-9-programli-z.jpg
94,94,Arçelik AB 280,Arçelik,Yüksek Kapasite,Ankastre,Standart Boyut,Önemsiz,Sepetli,VAR,VAR,5-8 Program,Düşük Tüketim,6099.0, https://cdn.akakce.com/arcelik/arcelik-ab-280-8-programli-tam-ankastre-z.jpg
95,95,Profilo BM4260EG 4,Profilo,Düşük Kapasite,Solo,Standart Boyut,Önemsiz,Sepetli,VAR,VAR,2-4 Program,Yüksek Tüketim,5322.66, https://cdn.akakce.com/profilo/profilo-bm4260eg-a-4-programli-siyah-z.jpg
96,96,Arçelik 6555 X,Arçelik,Orta Kapasite,Solo,Standart Boyut,Önemli,Sepetli,VAR,VAR,5-8 Program,Orta Tüketim,5951.04, https://iis-akakce.akamaized.net/p.z?%2F%2Fproductimages%2Ehepsiburada%2Enet%2Fs%2F34%2F600%2F10449830477874%2Ejpg
97,97,Siemens SN55ES80KT Wi-Fi,Siemens,Düşük Kapasite,Ankastre,Standart Boyut,Az Önemli,Sepetli,VAR,VAR,5-8 Program,Düşük Tüketim,9750.0, https://cdn.akakce.com/vestel/vestel-bm-6301-x-a-6-programli-z.jpg
98,98,Hoover HF 6C2S0FW-17,Hoover,Yüksek Kapasite,Solo,Standart Boyut,Az Önemli,Sepetli,VAR,VAR,9+,Yüksek Tüketim,4511.04, https://cdn.akakce.com/z/hoover/hoover-hf-6c2s0fw-17-wi-fi-12-programli.jpg
99,99,Electrolux ESF5512LOW 6,Electrolux,Orta Kapasite,Solo,Standart Boyut,Önemsiz,Sepetli,VAR,VAR,5-8 Program,Orta Tüketim,4898.0, https://iis-akakce.akamaized.net/p.z?%2F%2Fproductimages%2Ehepsiburada%2Enet%2Fs%2F44%2F600%2F10800102408242%2Ejpg
100,100,Profilo BM3123EA 3,Profilo,Düşük Kapasite,Solo,Standart Boyut,Önemli,Sepetli,VAR,VAR,2-4 Program,Yüksek Tüketim,4287.72, https://iis-akakce.akamaized.net/p.z?%2F%2Fproductimages%2Ehepsiburada%2Enet%2Fs%2F23%2F600%2F9993657876530%2Ejpg
101,101,Altus AL 403,Altus,Orta Kapasite,Solo,Standart Boyut,Önemsiz,Sepetli,VAR,VAR,2-4 Program,Orta Tüketim,2698.01, https://cdn.akakce.com/altus/altus-al-403-b-3-programli-z.jpg
102,102,Siemens SN23HB60MT Home,Siemens,Orta Kapasite,Solo,Standart Boyut,Önemsiz,Çekmeceli,VAR,VAR,5-8 Program,Düşük Tüketim,10995.0, https://iis-akakce.akamaized.net/p.z?%2F%2Fataulusoymagazacilik%2Ecom%2F240%2Dsmall%5Fdefault%2Fsiemens%2Dsn235w00jt%2D5%2Dprogramli%2Dbulasik%2Dmakinesi%2Ejpg
103,103,Beko BM 6016,Beko,Yüksek Kapasite,Solo,Standart Boyut,Çok Önemli,Sepetli,VAR,VAR,5-8 Program,Orta Tüketim,4700.0, https://cdn.akakce.com/beko/beko-bm-6016-prosmart-inverter-a-6-programli-z.jpg
104,104,Bosch SMS4IKW60T 5,Bosch,Düşük Kapasite,Solo,Standart Boyut,Önemsiz,Sepetli,VAR,VAR,5-8 Program,Orta Tüketim,6143.12, https://iis-akakce.akamaized.net/p.z?%2F%2Fplatincdn%2Ecom%2F3786%2Fpictures%2FAUUOLOEQUZ623202195349%5Fsms4ikw60t%2Epng
105,105,Beko BMA 5130,Beko,Orta Kapasite,Ankastre,Standart Boyut,Önemsiz,Sepetli,VAR,VAR,5-8 Program,Yüksek Tüketim,3500.0, https://cdn.akakce.com/beko/beko-bma-5130-i-a-5-programli-ankastre-z.jpg
106,106,Arçelik 6344 I,Arçelik,Yüksek Kapasite,Solo,Standart Boyut,Çok Önemli,Sepetli,VAR,VAR,2-4 Program,Yüksek Tüketim,5289.0, https://cdn.akakce.com/arcelik/arcelik-6344-i-a-4-programli-inox-z.jpg
107,107,Electrolux ESF2400OS Kompakt,Electrolux,Düşük Kapasite,Ankastre,Standart Boyut,Önemsiz,Sepetli,VAR,VAR,5-8 Program,Düşük Tüketim,4607.04, https://cdn.akakce.com/electrolux/electrolux-esf2400os-kompakt-a-6-programli-gri-tezgah-ustu-z.jpg
108,108,Siemens SN236W01JT 6,Siemens,Düşük Kapasite,Solo,Standart Boyut,Çok Önemli,Sepetli,VAR,VAR,5-8 Program,Düşük Tüketim,6342.0, https://cdn.akakce.com/siemens/siemens-sn236w01jt-a-6-programli-z.jpg
109,109,Arçelik 61113 I,Arçelik,Yüksek Kapasite,Solo,Standart Boyut,Az Önemli,Sepetli,VAR,VAR,9+,Düşük Tüketim,6298.0, https://cdn.akakce.com/z/arcelik/arcelik-61113-i-wf.jpg
110,110,Beko BB 250,Beko,Orta Kapasite,Ankastre,Standart Boyut,Önemsiz,Sepetli,VAR,VAR,5-8 Program,Yüksek Tüketim,3849.9, https://iis-akakce.akamaized.net/p.z?%2F%2Fst2%2Emyideasoft%2Ecom%2Fidea%2Fiy%2F62%2Fmyassets%2Fproducts%2F631%2Fg1%2Epng%3Frevision%3D1634656863
111,111,LG DFB512FW Quadwash,LG,Yüksek Kapasite,Solo,Standart Boyut,Çok Önemli,Sepetli,VAR,VAR,5-8 Program,Düşük Tüketim,6899.0, https://iis-akakce.akamaized.net/p.z?%2F%2Fcdn%2Edsmcdn%2Ecom%2Fty51%2Fproduct%2Fmedia%2Fimages%2F20210112%2F8%2F51873108%2F16397004%2F1%2F1%5Forg%5Fzoom%2Ejpg
112,112,SEG SBM 4020,Seg,Yüksek Kapasite,Solo,Standart Boyut,Önemli,Çekmeceli,VAR,VAR,2-4 Program,Yüksek Tüketim,2379.0, https://iis-akakce.akamaized.net/p.z?%2F%2Fmcdn01%2Egittigidiyor%2Enet%2F73814%2F738149112%5F0%2Ejpg
113,113,Bosch SMS6ECI80T 7,Bosch,Yüksek Kapasite,Solo,Standart Boyut,Önemsiz,Sepetli,VAR,VAR,5-8 Program,Düşük Tüketim,10350.0, https://cdn.akakce.com/bosch/bosch-sms6eci80t-7-programli-z.jpg
114,114,Arçelik 61113 WF,Arçelik,Yüksek Kapasite,Solo,Standart Boyut,Az Önemli,Sepetli,VAR,VAR,9+,Düşük Tüketim,6250.0, https://cdn.akakce.com/z/arcelik/arcelik-61113-wf-homewhiz.jpg
115,115,Electrolux ESI5205LOX 5,Electrolux,Orta Kapasite,Ankastre,Standart Boyut,Önemsiz,Sepetli,VAR,VAR,5-8 Program,Orta Tüketim,5040.0, https://iis-akakce.akamaized.net/p.z?%2F%2Fproductimages%2Ehepsiburada%2Enet%2Fs%2F51%2F600%2F11087219392562%2Ejpg
116,116,Electrolux EEA717100L 5,Electrolux,Orta Kapasite,Ankastre,Standart Boyut,Önemsiz,Sepetli,VAR,VAR,5-8 Program,Orta Tüketim,4690.0, https://cdn.akakce.com/electrolux/electrolux-eea717100l-a-5-programli-ankastre-z.jpg
117,117,Vestel BMA 4201,Vestel,Orta Kapasite,Ankastre,Standart Boyut,Çok Önemli,Sepetli,VAR,VAR,2-4 Program,Düşük Tüketim,3174.0, https://cdn.akakce.com/vestel/vestel-bma-4201-x-a-4-programli-ankastre-z.jpg
118,118,Finlux BM 310,Finlux,Düşük Kapasite,Solo,Standart Boyut,Çok Önemli,Sepetli,VAR,VAR,2-4 Program,Yüksek Tüketim,2439.0, https://cdn.akakce.com/finlux/finlux-bm-310-a-3-programli-z.jpg
119,119,Vestel BM-1004 X,Vestel,Yüksek Kapasite,Solo,Standart Boyut,Çok Önemli,Çekmeceli,VAR,VAR,9+,Orta Tüketim,6047.99, https://cdn.akakce.com/vestel/vestel-bm-1004-x-bm-1004-ekomaks-a-10-programli-inox-z.jpg
120,120,Vestel BMA 9001,Vestel,Yüksek Kapasite,Ankastre,Standart Boyut,Önemsiz,Çekmeceli,VAR,VAR,9+,Düşük Tüketim,5099.0, https://iis-akakce.akamaized.net/p.z?%2F%2Fn11scdn%2Eakamaized%2Enet%2Fa1%2F1024%2Felektronik%2Fbulasik%2Dmakinesi%2Fvestel%2Dbma%2D9001%2Da%2D9%2Dprogramli%2D15%2Dkisilik%2Dankastre%2Dbulasik%2Dmakinesi%5F%5F0461282494350707%2Ejpg
121,121,Seg SBM 4001,Seg,Düşük Kapasite,Solo,Standart Boyut,Çok Önemli,Sepetli,VAR,VAR,2-4 Program,Düşük Tüketim,3157.44, https://iis-akakce.akamaized.net/p.z?%2F%2Fproductimages%2Ehepsiburada%2Enet%2Fs%2F136%2F600%2F110000087720977%2Ejpg
122,122,Vestel BM 8302,Vestel,Orta Kapasite,Solo,Standart Boyut,Önemsiz,Sepetli,VAR,VAR,5-8 Program,Düşük Tüketim,4658.56, https://cdn.akakce.com/vestel/vestel-bm-8302-x-wifi-a-8-programli-z.jpg
123,123,Bosch SMS67NW01T 7,Bosch,Orta Kapasite,Solo,Standart Boyut,Çok Önemli,Çekmeceli,VAR,VAR,5-8 Program,Orta Tüketim,8639.04, https://cdn.akakce.com/bosch/bosch-sms67nw01t-a-7-programli-z.jpg
124,124,LG DFC512FP QuadWash,Bosch,Orta Kapasite,Ankastre,Standart Boyut,Önemsiz,Çekmeceli,VAR,VAR,2-4 Program,Yüksek Tüketim,5149.0, https://cdn.akakce.com/arcelik/arcelik-9363-fa-a-antrasit-ankastre-z.jpg
125,125,Teka DW 605,Teka,Düşük Kapasite,Ankastre,Standart Boyut,Önemli,Sepetli,VAR,VAR,5-8 Program,Orta Tüketim,4272.0, https://cdn.akakce.com/teka/teka-dw-605-s-a-6-programli-inox-ankastre-z.jpg
126,126,Beko BM 6066,Beko,Yüksek Kapasite,Solo,Standart Boyut,Çok Önemli,Çekmeceli,VAR,VAR,5-8 Program,Düşük Tüketim,5499.0, https://cdn.akakce.com/beko/beko-bm-6066-prosmart-a-6-programli-z.jpg
127,127,Profilo BMS681V1 Wi-Fi,Profilo,Düşük Kapasite,Solo,Standart Boyut,Az Önemli,Sepetli,VAR,VAR,5-8 Program,Düşük Tüketim,6253.0, https://iis-akakce.akamaized.net/p.z?%2F%2Fn11scdn%2Eakamaized%2Enet%2Fa1%2F1024%2Felektronik%2Fbulasik%2Dmakinesi%2Fprofilo%2Dbms681v1%2D6%2Dprogramli%2D12%2Dkisilik%2Dbulasik%2Dmakinesi%5F%5F1306386531336298%2Ejpg
128,128,Teka DW 605,Nexon,Yüksek Kapasite,Solo,Standart Boyut,Önemli,Sepetli,VAR,VAR,5-8 Program,Yüksek Tüketim,4690.0, https://cdn.akakce.com/beko/beko-bma-5130-i-a-5-programli-ankastre-z.jpg
129,129,Samsung DW60M5062FS 6,Samsung,Yüksek Kapasite,Solo,Standart Boyut,Önemsiz,Çekmeceli,VAR,VAR,5-8 Program,Orta Tüketim,6799.0, https://iis-akakce.akamaized.net/p.z?%2F%2Fwww%2Egizerler%2Ecom%2Fassets%2Fproduct%2Dimages%2F111000%2Fsamsung%2Ddw60m5062fstr%2D6%2Dprogramli%2Df%2Denerji%2D13%2Dkisilik%2Dinox%2Dbulasik%2Dmakinesi%5F40567%2Ejpg
130,130,Bosch SGS4IKI61T 6,Grundig,Düşük Kapasite,Solo,Standart Boyut,Önemli,Çekmeceli,VAR,VAR,9+,Orta Tüketim,3199.0, https://cdn.akakce.com/arcelik/arcelik-9363-fa-a-antrasit-ankastre-z.jpg
131,131,Samsung DW60M5052FW 5,Samsung,Orta Kapasite,Solo,Standart Boyut,Önemsiz,Sepetli,VAR,VAR,5-8 Program,Yüksek Tüketim,5912.64, https://iis-akakce.akamaized.net/p.z?%2F%2Fproductimages%2Ehepsiburada%2Enet%2Fs%2F22%2F600%2F9988569727026%2Ejpg
132,132,Teka DFI 46700,Teka,Yüksek Kapasite,Ankastre,Standart Boyut,Çok Önemli,Sepetli,VAR,VAR,5-8 Program,Yüksek Tüketim,6941.0, https://cdn.akakce.com/teka/teka-dfi-46700-ttm-7-programli-ankastre-z.jpg
133,133,Siemens SN515W00DT 5,Siemens,Düşük Kapasite,Ankastre,Standart Boyut,Önemsiz,Sepetli,VAR,VAR,5-8 Program,Düşük Tüketim,5543.0, https://cdn.akakce.com/siemens/siemens-sn515w00dt-a-5-programli-ankastre-z.jpg
134,134,Arçelik 9263 SI,Arçelik,Yüksek Kapasite,Ankastre,Standart Boyut,Önemsiz,Sepetli,VAR,VAR,5-8 Program,Düşük Tüketim,5069.0, https://iis-akakce.akamaized.net/p.z?%2F%2Fwww%2Earcelik%2Ecom%2Etr%2FprettyUrlMedia%2F7661410177%5FLO1%5F20180604%5F082958%2Epng
135,135,Siemens SN235W00JT 5,Siemens,Düşük Kapasite,Solo,Standart Boyut,Önemsiz,Sepetli,VAR,VAR,5-8 Program,Yüksek Tüketim,5699.0, https://cdn.akakce.com/siemens/siemens-sn235w00jt-a-5-programli-z.jpg
136,136,Siemens SN23IW60MT Wi-Fi,Arçelik,Yüksek Kapasite,Ankastre,Standart Boyut,Önemsiz,Sepetli,VAR,VAR,9+,Düşük Tüketim,2899.0, https://cdn.akakce.com/beko/beko-bm-6066-prosmart-a-6-programli-z.jpg
137,137,Siemens SN25EI80AT Wi-Fi,Siemens,Orta Kapasite,Solo,Standart Boyut,Az Önemli,Sepetli,VAR,VAR,5-8 Program,Düşük Tüketim,12299.0, https://iis-akakce.akamaized.net/p.z?%2F%2Fst3%2Emyideasoft%2Ecom%2Fidea%2Fhk%2F66%2Fmyassets%2Fproducts%2F307%2Fsiemens%2Dsn25ei80at%2Dwi%2Dfi%2D8%2Dprogramli%2Dz%2Ejpg%3Frevision%3D1628926527
138,138,Arçelik 6344 4,Arçelik,Yüksek Kapasite,Solo,Standart Boyut,Çok Önemli,Sepetli,VAR,VAR,2-4 Program,Yüksek Tüketim,5289.0, https://cdn.akakce.com/arcelik/arcelik-6344-a-4-programli-z.jpg
139,139,LG DFC512FP QuadWash,Samsung,Orta Kapasite,Ankastre,Standart Boyut,Az Önemli,Sepetli,VAR,VAR,5-8 Program,Yüksek Tüketim,2439.0, https://iis-akakce.akamaized.net/p.z?%2F%2Fst1%2Emyideasoft%2Ecom%2Fidea%2Ffw%2F58%2Fmyassets%2Fproducts%2F017%2Fanyconv%2Dcom%2Dprofilo%2Dbma5161eg%2Dyari%2Dankastre%2Dbulasik%2Dmakinesi%2D60%2Dcm%2Ejpg%3Frevision%3D1637663932
140,140,Electrolux ESF5534LOX 6,Electrolux,Orta Kapasite,Solo,Standart Boyut,Az Önemli,Sepetli,VAR,VAR,5-8 Program,Düşük Tüketim,5490.0, https://iis-akakce.akamaized.net/p.z?%2F%2Fproductimages%2Ehepsiburada%2Enet%2Fs%2F93%2F600%2F110000036599157%2Ejpg
141,141,Beko BBC 150,Beko,Orta Kapasite,Ankastre,Standart Boyut,Önemsiz,Sepetli,VAR,VAR,5-8 Program,Yüksek Tüketim,4099.0, https://cdn.akakce.com/beko/beko-bbc-150-s-ankastre-z.jpg
142,142,Siemens SN23EI60KT Wi-Fi,Siemens,Düşük Kapasite,Solo,Standart Boyut,Az Önemli,Sepetli,VAR,VAR,5-8 Program,Düşük Tüketim,7041.0, https://iis-akakce.akamaized.net/p.z?%2F%2Fst2%2Emyideasoft%2Ecom%2Fidea%2Fhm%2F32%2Fmyassets%2Fproducts%2F114%2F16427697%2Dj8803%2Dsn23ei60kt%2Dstp%2D16311143%2Ddef%2Ejpg%3Frevision%3D1631623861
143,143,Vestel BM 5301,Vestel,Düşük Kapasite,Solo,Standart Boyut,Çok Önemli,Sepetli,VAR,VAR,5-8 Program,Yüksek Tüketim,3455.04, https://cdn.akakce.com/vestel/vestel-bm-5301-a-5-programli-z.jpg
144,144,Arçelik 6333 3,Arçelik,Orta Kapasite,Solo,Standart Boyut,Önemsiz,Sepetli,VAR,VAR,2-4 Program,Yüksek Tüketim,4199.0, https://cdn.akakce.com/z/arcelik/arcelik-6333-a-3-programli-beyaz.jpg
145,145,Arçelik 9463 FCS,Arçelik,Yüksek Kapasite,Ankastre,Standart Boyut,Çok Önemli,Sepetli,VAR,VAR,5-8 Program,Yüksek Tüketim,5448.95, https://cdn.akakce.com/arcelik/arcelik-9463-fcs-a-6-programli-ankastre-z.jpg
146,146,Nexon NXN DW,Nexon,Düşük Kapasite,Solo,Standart Boyut,Önemsiz,Sepetli,VAR,VAR,2-4 Program,Yüksek Tüketim,2351.04, https://cdn.akakce.com/z/nexon/nexon-nxn-dw103.jpg
147,147,Vestel BM 6302,Vestel,Orta Kapasite,Solo,Standart Boyut,Önemsiz,Çekmeceli,VAR,VAR,5-8 Program,Düşük Tüketim,3719.07, https://cdn.akakce.com/vestel/vestel-bm-6302-wifi-6-programli-z.jpg
148,148,Vestel BM 8402,Vestel,Yüksek Kapasite,Solo,Standart Boyut,Önemsiz,Sepetli,VAR,VAR,5-8 Program,Düşük Tüketim,5519.0, https://cdn.akakce.com/vestel/vestel-bm-8402-gi-pro-wifi-8-programli-z.jpg
149,149,Hoover HF 3F54L0NW-17,Hoover,Orta Kapasite,Solo,Standart Boyut,Önemsiz,Çekmeceli,VAR,VAR,5-8 Program,Yüksek Tüketim,2899.0, https://iis-akakce.akamaized.net/p.z?%2F%2Fcdn%2Edsmcdn%2Ecom%2Fty254%2Fproduct%2Fmedia%2Fimages%2F20211125%2F22%2F111861111%2F322305411%2F1%2F1%5Forg%5Fzoom%2Ejpg
150,150,Vestel BMA 6402,Vestel,Yüksek Kapasite,Ankastre,Standart Boyut,Önemsiz,Çekmeceli,VAR,VAR,5-8 Program,Düşük Tüketim,4099.0, https://iis-akakce.akamaized.net/p.z?%2F%2Fn11scdn%2Eakamaized%2Enet%2Fa1%2F1024%2Felektronik%2Fbulasik%2Dmakinesi%2Fvestel%2Dbma%2D6402%2Dx%2Dwifi%2Dankastre%2Dbulasik%2Dmakinesi%5F%5F1266453541694079%2Epng
151,151,Bosch SMS45NW00T 5,Bosch,Orta Kapasite,Solo,Standart Boyut,Önemli,Çekmeceli,VAR,VAR,5-8 Program,Yüksek Tüketim,8630.4, https://iis-akakce.akamaized.net/p.z?%2F%2Fproductimages%2Ehepsiburada%2Enet%2Fs%2F20%2F600%2F9872856711218%2Ejpg
152,152,Profilo BM4285EG 4,Siemens,Orta Kapasite,Solo,Standart Boyut,Önemli,Çekmeceli,VAR,VAR,2-4 Program,Yüksek Tüketim,4319.04, https://iis-akakce.akamaized.net/p.z?%2F%2Fst2%2Emyideasoft%2Ecom%2Fidea%2Fib%2F40%2Fmyassets%2Fproducts%2F016%2Fmcsa02358857%2Di1408%2D1757614%2Dbm4191eg%2Dcmyk%2Ddef%2D1%2Ejpg%3Frevision%3D1617705197
153,153,Arçelik 9463 FCB,Arçelik,Yüksek Kapasite,Ankastre,Standart Boyut,Önemsiz,Sepetli,VAR,VAR,5-8 Program,Yüksek Tüketim,5299.0, https://cdn.akakce.com/arcelik/arcelik-9463-fcb-a-6-programli-ankastre-z.jpg
154,154,Nexon NXN DWS,Nexon,Düşük Kapasite,Solo,Standart Boyut,Önemsiz,Sepetli,VAR,VAR,2-4 Program,Yüksek Tüketim,2374.05, https://cdn.akakce.com/z/nexon/nexon-nxn-dws-103-3-programli.jpg
155,155,Samsung DW60M5062FW 6,Samsung,Yüksek Kapasite,Solo,Standart Boyut,Önemsiz,Çekmeceli,VAR,VAR,5-8 Program,Düşük Tüketim,7199.04, https://iis-akakce.akamaized.net/p.z?%2F%2Fproductimages%2Ehepsiburada%2Enet%2Fs%2F24%2F600%2F10089394405426%2Ejpg
156,156,Vestel BM-602 X,Vestel,Düşük Kapasite,Solo,Standart Boyut,Çok Önemli,Sepetli,VAR,VAR,5-8 Program,Düşük Tüketim,4607.99, https://iis-akakce.akamaized.net/p.z?%2F%2Fproductimages%2Ehepsiburada%2Enet%2Fs%2F7%2F600%2F9753962774578%2Ejpg
157,157,Arçelik 6133 3,Dominox,Yüksek Kapasite,Ankastre,Standart Boyut,Çok Önemli,Çekmeceli,VAR,VAR,9+,Yüksek Tüketim,2439.0, https://iis-akakce.akamaized.net/p.z?%2F%2Fcdn%2Edsmcdn%2Ecom%2Fty65%2Fproduct%2Fmedia%2Fimages%2F20210204%2F11%2F59873930%2F21575989%2F1%2F1%5Forg%5Fzoom%2Ejpg
158,158,Grundig GDF 6503,Seg,Yüksek Kapasite,Ankastre,Standart Boyut,Önemli,Sepetli,VAR,VAR,9+,Orta Tüketim,3875.0, https://iis-akakce.akamaized.net/p.z?%2F%2Fproductimages%2Ehepsiburada%2Enet%2Fs%2F37%2F600%2F10542957690930%2Ejpg
159,159,Electrolux EEA12100L 45,Electrolux,Düşük Kapasite,Ankastre,Standart Boyut,Önemsiz,Sepetli,VAR,VAR,5-8 Program,Düşük Tüketim,5999.0, https://iis-akakce.akamaized.net/p.z?%2F%2Fn11scdn%2Eakamaized%2Enet%2Fa1%2F1024%2Felektronik%2Fbulasik%2Dmakinesi%2Felectrolux%2Deea12100l%2D5%2Dprogramli%2D9%2Dkisilik%2Dankastre%2Dbulasik%2Dmakinesi%5F%5F0917986530575376%2Ejpeg
160,160,Siemens SN258I06JT Wi-Fi,Siemens,Orta Kapasite,Solo,Standart Boyut,Çok Önemli,Sepetli,VAR,VAR,5-8 Program,Düşük Tüketim,12078.0, https://iis-akakce.akamaized.net/p.z?%2F%2Fst1%2Emyideasoft%2Ecom%2Fidea%2Fdk%2F34%2Fmyassets%2Fproducts%2F398%2Fsn258i06jt%5Fmin%2Ejpg%3Frevision%3D1551877432
161,161,Bosch SMS73L08TR A++,Bosch,Düşük Kapasite,Solo,Standart Boyut,Çok Önemli,Sepetli,VAR,VAR,5-8 Program,Yüksek Tüketim,8880.0, https://iis-akakce.akamaized.net/p.z?%2F%2Fproductimages%2Ehepsiburada%2Enet%2Fs%2F6%2F600%2F9740379750450%2Ejpg
162,162,Grundig GDF 5104,Grundig,Orta Kapasite,Solo,Standart Boyut,Önemsiz,Sepetli,VAR,VAR,5-8 Program,Düşük Tüketim,2989.0, https://cdn.akakce.com/grundig/grundig-gdf-5104-5-programli-z.jpg
163,163,Bosch 6 Programlı,Silverline,Düşük Kapasite,Ankastre,Standart Boyut,Az Önemli,Sepetli,VAR,VAR,5-8 Program,Düşük Tüketim,2868.48, https://cdn.akakce.com/vestel/vestel-bm-6301-x-a-6-programli-z.jpg
164,164,Vestel BMA 9001,Teka,Düşük Kapasite,Solo,Standart Boyut,Çok Önemli,Sepetli,VAR,VAR,9+,Orta Tüketim,3329.0, https://cdn.akakce.com/arcelik/arcelik-6155-i-5-programli-inox-z.jpg
165,165,Samsung DW60M5062FW 6,Bosch,Düşük Kapasite,Solo,Standart Boyut,Çok Önemli,Sepetli,VAR,VAR,5-8 Program,Düşük Tüketim,4292.0, https://iis-akakce.akamaized.net/p.z?%2F%2Fst3%2Emyideasoft%2Ecom%2Fidea%2Fhr%2F55%2Fmyassets%2Fproducts%2F288%2Fimage%2D27%2Epng%3Frevision%3D1615272469
166,166,Profilo BM3125EG 3,Silverline,Orta Kapasite,Ankastre,Standart Boyut,Çok Önemli,Sepetli,VAR,VAR,9+,Orta Tüketim,4195.0, https://cdn.akakce.com/siemens/siemens-sn23ew60kt-6-programli-z.jpg
167,167,Silverline D11033W01 5,Silverline,Düşük Kapasite,Ankastre,Standart Boyut,Önemli,Sepetli,VAR,VAR,5-8 Program,Yüksek Tüketim,3845.0, https://iis-akakce.akamaized.net/p.z?%2F%2Fcdn%2Edsmcdn%2Ecom%2Fty264%2Fproduct%2Fmedia%2Fimages%2F20211207%2F11%2F6234297%2F129808951%2F1%2F1%5Forg%5Fzoom%2Ejpg
168,168,Siemens SN236B00MT 6,Siemens,Orta Kapasite,Solo,Standart Boyut,Çok Önemli,Çekmeceli,VAR,VAR,5-8 Program,Düşük Tüketim,16800.0, https://iis-akakce.akamaized.net/p.z?%2F%2Fproductimages%2Ehepsiburada%2Enet%2Fs%2F50%2F600%2F11048070152242%2Ejpg
169,169,Electrolux ESI8550ROX 6,Altus,Yüksek Kapasite,Ankastre,Standart Boyut,Az Önemli,Sepetli,VAR,VAR,2-4 Program,Orta Tüketim,8630.4, https://iis-akakce.akamaized.net/p.z?%2F%2Fwww%2Estarwoodyapimarket%2Ecom%2Fsilverline%2Dbulasik%2Dmakinasi%2Dd11033b01%2D5%2Dpro%2Dsiyah%2Dbulasik%2Dmakinesi%2Dsilverline%2D590933%2D12%2DB%2Ejpg
170,170,Vestel BM 3101,Vestel,Düşük Kapasite,Ankastre,Standart Boyut,Çok Önemli,Sepetli,VAR,VAR,2-4 Program,Orta Tüketim,5993.0, https://cdn.akakce.com/grundig/grundig-gdf-5104-5-programli-z.jpg
171,171,Siemens SN27ZI80DT Wi-Fi,Siemens,Orta Kapasite,Solo,Standart Boyut,Az Önemli,Çekmeceli,VAR,VAR,5-8 Program,Düşük Tüketim,14281.0, https://cdn.akakce.com/siemens/siemens-sn27zi80dt-wi-fi-8-programli-z.jpg
172,172,Beko BM 4014,Arçelik,Orta Kapasite,Ankastre,Standart Boyut,Çok Önemli,Sepetli,VAR,VAR,5-8 Program,Düşük Tüketim,2439.0, https://cdn.akakce.com/profilo/profilo-bm3125eg-3-programli-z.jpg
173,173,Bosch SMS68JI06T Wi-Fi,Bosch,Orta Kapasite,Solo,Standart Boyut,Çok Önemli,Sepetli,VAR,VAR,5-8 Program,Düşük Tüketim,9000.0, https://iis-akakce.akamaized.net/p.z?%2F%2Fwww%2Eaynigunkargo%2Ecom%2FProductImages%2F616952%2Fbig%2Fmcsa02528891%5Fi5221%5F1898098%5Fsms68ji06t%5Fcmyk%5Fdef%2Ejpg
174,174,Grundig GNI 4183,Grundig,Orta Kapasite,Ankastre,Standart Boyut,Çok Önemli,Çekmeceli,VAR,VAR,5-8 Program,Düşük Tüketim,6000.0, https://iis-akakce.akamaized.net/p.z?%2F%2Fwww%2Ekarabaghome%2Ecom%2FImages%2FUrun%2F13072019115907%2Ejpeg
175,175,Arçelik 6166 BC,Arçelik,Yüksek Kapasite,Solo,Standart Boyut,Önemsiz,Sepetli,VAR,VAR,5-8 Program,Yüksek Tüketim,5798.0, https://cdn.akakce.com/z/arcelik/arcelik-6166-bc.jpg
176,176,Electrolux ESI8550ROX 6,Electrolux,Yüksek Kapasite,Ankastre,Standart Boyut,Önemsiz,Çekmeceli,VAR,VAR,5-8 Program,Orta Tüketim,7599.0, https://cdn.akakce.com/electrolux/electrolux-esi8550rox-a-6-programli-ankastre-inox-z.jpg
177,177,Regal ABM 301,Regal,Düşük Kapasite,Ankastre,Standart Boyut,Önemsiz,Sepetli,VAR,VAR,2-4 Program,Orta Tüketim,3049.0, https://cdn.akakce.com/regal/regal-abm-301-x-a-3-programli-inox-ankastre-z.jpg
178,178,Vestel BM 6301,Vestel,Orta Kapasite,Solo,Standart Boyut,Çok Önemli,Sepetli,VAR,VAR,5-8 Program,Düşük Tüketim,4756.42, https://cdn.akakce.com/vestel/vestel-bm-6301-x-a-6-programli-z.jpg
179,179,Silverline D11030B01 6,Silverline,Düşük Kapasite,Solo,Standart Boyut,Çok Önemli,Sepetli,VAR,VAR,5-8 Program,Orta Tüketim,4300.0, https://iis-akakce.akamaized.net/p.z?%2F%2Fn11scdn%2Eakamaized%2Enet%2Fa1%2F1024%2Felektronik%2Fbulasik%2Dmakinesi%2Fsilverline%2Dd11030b01%2Dyari%2Dankastre%2Dbulasik%2Dmakinesi%5F%5F0467353872647356%2Epng
180,180,Arçelik 9462 FCB,Arçelik,Yüksek Kapasite,Ankastre,Standart Boyut,Önemli,Sepetli,VAR,VAR,5-8 Program,Orta Tüketim,5249.0, https://cdn.akakce.com/arcelik/arcelik-9462-fcb-a-6-programli-ankastre-z.jpg
181,181,Seg SBM 3020,Arçelik,Orta Kapasite,Solo,Standart Boyut,Önemsiz,Sepetli,VAR,VAR,2-4 Program,Yüksek Tüketim,7790.0, https://iis-akakce.akamaized.net/p.z?%2F%2Freimg%2Dteknosa%2Dcloud%2Dprod%2Emncdn%2Ecom%2Fmnresize%2F600%2F600%2Fproductimage%2F115030713%2F115030713%5F0%5FMC%2F52748344%2Epng
182,182,Arçelik 9463 FCG,Arçelik,Yüksek Kapasite,Ankastre,Standart Boyut,Önemsiz,Sepetli,VAR,VAR,5-8 Program,Yüksek Tüketim,5448.95, https://cdn.akakce.com/arcelik/arcelik-9463-fcg-grion-a-6-programli-ankastre-z.jpg
183,183,Candy CDPN 1L390SW,Candy,Orta Kapasite,Solo,Standart Boyut,Önemli,Sepetli,VAR,VAR,5-8 Program,Düşük Tüketim,2698.0, https://iis-akakce.akamaized.net/p.z?%2F%2Fproductimages%2Ehepsiburada%2Enet%2Fs%2F37%2F600%2F10542957690930%2Ejpg
184,184,Beko BBM 360,Beko,Yüksek Kapasite,Solo,Standart Boyut,Önemsiz,Sepetli,VAR,VAR,5-8 Program,Yüksek Tüketim,3780.0, https://cdn.akakce.com/beko/beko-bbm-360-s-6-programli-ankastre-z.jpg
185,185,Arçelik 3 Program,Arçelik,Yüksek Kapasite,Solo,Standart Boyut,Önemsiz,Sepetli,VAR,VAR,2-4 Program,Orta Tüketim,3999.0, https://iis-akakce.akamaized.net/p.z?%2F%2Fcdn%2Edsmcdn%2Ecom%2Fty127%2Fproduct%2Fmedia%2Fimages%2F20210608%2F13%2F97291814%2F184613626%2F1%2F1%5Forg%5Fzoom%2Ejpg
186,186,Arçelik 6366 6,Arçelik,Yüksek Kapasite,Solo,Standart Boyut,Çok Önemli,Sepetli,VAR,VAR,5-8 Program,Orta Tüketim,4590.0, https://iis-akakce.akamaized.net/p.z?%2F%2Fst3%2Emyideasoft%2Ecom%2Fidea%2Fhr%2F55%2Fmyassets%2Fproducts%2F288%2Fimage%2D27%2Epng%3Frevision%3D1615272469
187,187,Arçelik 6166 I,Dominox,Düşük Kapasite,Solo,Standart Boyut,Az Önemli,Sepetli,VAR,VAR,9+,Orta Tüketim,6298.0, https://cdn.akakce.com/siemens/siemens-sn234i00dt-a-4-programli-inox-z.jpg
188,188,Siemens SN236W00MT 6,Siemens,Orta Kapasite,Solo,Standart Boyut,Önemsiz,Çekmeceli,VAR,VAR,5-8 Program,Düşük Tüketim,9026.0, https://cdn.akakce.com/siemens/siemens-sn236w00mt-a-6-programli-z.jpg
189,189,Samsung DW60M5052FW 5,Arçelik,Yüksek Kapasite,Ankastre,Standart Boyut,Önemsiz,Sepetli,VAR,VAR,2-4 Program,Orta Tüketim,8749.0, https://cdn.akakce.com/bosch/bosch-smi25ds00t-a-5-programli-inox-ankastre-z.jpg
190,190,Arçelik 6031 3,Hotpoint-Ariston,Yüksek Kapasite,Ankastre,Standart Boyut,Önemli,Sepetli,VAR,VAR,9+,Orta Tüketim,5299.0, https://iis-akakce.akamaized.net/p.z?%2F%2Fwww%2Estarwoodyapimarket%2Ecom%2Fsilverline%2Dbulasik%2Dmakinasi%2Dd11033b01%2D5%2Dpro%2Dsiyah%2Dbulasik%2Dmakinesi%2Dsilverline%2D590933%2D12%2DB%2Ejpg
191,191,Arçelik 6144 I,Altus,Düşük Kapasite,Ankastre,Standart Boyut,Çok Önemli,Sepetli,VAR,VAR,9+,Yüksek Tüketim,3875.0, https://cdn.akakce.com/samsung/samsung-dw60m5052fs-tr-a-5-programli-inox-z.jpg
192,192,Bosch SMS67NW01T 7,Grundig,Orta Kapasite,Solo,Standart Boyut,Önemsiz,Çekmeceli,VAR,VAR,9+,Düşük Tüketim,2749.0, https://iis-akakce.akamaized.net/p.z?%2F%2Fataulusoymagazacilik%2Ecom%2F240%2Dsmall%5Fdefault%2Fsiemens%2Dsn235w00jt%2D5%2Dprogramli%2Dbulasik%2Dmakinesi%2Ejpg
193,193,Vestel BM 5302,Hoover,Düşük Kapasite,Solo,Standart Boyut,Önemsiz,Çekmeceli,VAR,VAR,2-4 Program,Düşük Tüketim,4099.0, https://iis-akakce.akamaized.net/p.z?%2F%2Fproductimages%2Ehepsiburada%2Enet%2Fs%2F34%2F600%2F10449830477874%2Ejpg
194,194,Bosch SMS44DI00T 4,LG,Düşük Kapasite,Ankastre,Standart Boyut,Önemsiz,Sepetli,VAR,VAR,9+,Düşük Tüketim,6799.0, https://cdn.akakce.com/vestel/vestel-bm-6301-x-a-6-programli-z.jpg
195,195,Nexon NXN DW,Nexon,Düşük Kapasite,Ankastre,Standart Boyut,Önemli,Sepetli,VAR,VAR,5-8 Program,Yüksek Tüketim,4099.0, https://iis-akakce.akamaized.net/p.z?%2F%2Fwww%2Etayhanbeyazesya%2Ecom%2FUploads%2FUrunResimleri%2Fboschsgs4iki61tbosch%2Dsgs4iki61t%2Dserie%2D%2Daa6b%2D5%2Epng
196,196,Arçelik 61113 WF,Arçelik,Düşük Kapasite,Solo,Standart Boyut,Önemli,Çekmeceli,VAR,VAR,5-8 Program,Yüksek Tüketim,2045.07, https://cdn.akakce.com/vestel/vestel-bm-8402-gi-pro-wifi-8-programli-z.jpg
197,197,Vestel BM-602 X,Hoover,Yüksek Kapasite,Solo,Standart Boyut,Önemsiz,Çekmeceli,VAR,VAR,2-4 Program,Yüksek Tüketim,6250.0, https://iis-akakce.akamaized.net/p.z?%2F%2Fmcdn01%2Egittigidiyor%2Enet%2F73859%2F738590825%5F0%2Ejpg
198,198,Arçelik 9463 FCG,Bosch,Yüksek Kapasite,Solo,Standart Boyut,Önemsiz,Sepetli,VAR,VAR,5-8 Program,Orta Tüketim,8880.0, https://iis-akakce.akamaized.net/p.z?%2F%2Fproductimages%2Ehepsiburada%2Enet%2Fs%2F6%2F600%2F9740379750450%2Ejpg
199,199,Siemens SN55ES80KT Wi-Fi,Bosch,Yüksek Kapasite,Ankastre,Standart Boyut,Az Önemli,Çekmeceli,VAR,VAR,9+,Orta Tüketim,5759.04, https://cdn.akakce.com/lg/lg-dfc512fp-quadwash-z.jpg
200,200,Samsung DW60M5052FW 5,Silverline,Yüksek Kapasite,Ankastre,Standart Boyut,Az Önemli,Sepetli,VAR,VAR,2-4 Program,Orta Tüketim,6899.0, https://cdn.akakce.com/vestel/vestel-bm-5101-a-5-programli-z.jpg
201,201,Vestel BM 4202,Candy,Düşük Kapasite,Ankastre,Standart Boyut,Önemli,Çekmeceli,VAR,VAR,9+,Yüksek Tüketim,7790.0, https://cdn.akakce.com/windsor/windsor-ws-3514-x-a-5-programli-inox-z.jpg
202,202,Arçelik 9263 SI,Profilo,Orta Kapasite,Ankastre,Standart Boyut,Çok Önemli,Sepetli,VAR,VAR,5-8 Program,Düşük Tüketim,6199.0, https://cdn.akakce.com/bosch/bosch-sms44dw00t-a-4-programli-z.jpg
203,203,Profilo BM6481MA 6,Candy,Düşük Kapasite,Ankastre,Standart Boyut,Önemli,Çekmeceli,VAR,VAR,5-8 Program,Yüksek Tüketim,6250.0, https://cdn.akakce.com/beko/beko-bm-6016-prosmart-inverter-a-6-programli-z.jpg
204,204,Arçelik 61113 I,Finlux,Yüksek Kapasite,Ankastre,Standart Boyut,Çok Önemli,Sepetli,VAR,VAR,9+,Orta Tüketim,5099.0, https://cdn.akakce.com/profilo/profilo-bm5220ma-a-5-programli-z.jpg
205,205,Vestel BM-500 Retro,Grundig,Orta Kapasite,Ankastre,Standart Boyut,Önemli,Sepetli,VAR,VAR,5-8 Program,Yüksek Tüketim,4319.04, https://cdn.akakce.com/vestel/vestel-bm-4202-x-wifi-4-programli-inox-z.jpg
206,206,Vestel BM-1004 X,Regal,Yüksek Kapasite,Ankastre,Standart Boyut,Az Önemli,Sepetli,VAR,VAR,9+,Orta Tüketim,10995.0, https://iis-akakce.akamaized.net/p.z?%2F%2Fplatincdn%2Ecom%2F3786%2Fpictures%2FAUUOLOEQUZ623202195349%5Fsms4ikw60t%2Epng
207,207,Arçelik 6166 I,Nexon,Yüksek Kapasite,Ankastre,Standart Boyut,Önemli,Çekmeceli,VAR,VAR,2-4 Program,Düşük Tüketim,4511.04, https://iis-akakce.akamaized.net/p.z?%2F%2Fst3%2Emyideasoft%2Ecom%2Fidea%2Fbl%2F79%2Fmyassets%2Fproducts%2F557%2Farcelik%2D6166%2Di%2D6%2Dprogramli%2Dbulasik%2Dmakinesi%2Dbeyazesyaevimde%2Ejpg%3Frevision%3D1618908265
208,208,Beko BMA 6140,Samsung,Yüksek Kapasite,Ankastre,Standart Boyut,Çok Önemli,Sepetli,VAR,VAR,9+,Orta Tüketim,5798.0, https://cdn.akakce.com/bosch/bosch-sms44di00t-a-4-programli-inox-z.jpg
209,209,Finlux BM 310,Hoover,Düşük Kapasite,Ankastre,Standart Boyut,Önemli,Sepetli,VAR,VAR,2-4 Program,Yüksek Tüketim,2899.0, https://iis-akakce.akamaized.net/p.z?%2F%2Fn11scdn%2Eakamaized%2Enet%2Fa1%2F1024%2Felektronik%2Fbulasik%2Dmakinesi%2Fhotpoint%2Dariston%2Dhcd%2D662%2Deu%2Da%2D5%2Dprogramli%2Dbulasik%2Dmakinesi%5F%5F1580340433268426%2Ejpg
210,210,Beko BM 5115,Profilo,Düşük Kapasite,Solo,Standart Boyut,Çok Önemli,Çekmeceli,VAR,VAR,2-4 Program,Orta Tüketim,2989.0, https://cdn.akakce.com/profilo/profilo-bm6421ma-a-6-programli-z.jpg
211,211,Grundig GNI 4183,Siemens,Düşük Kapasite,Solo,Standart Boyut,Az Önemli,Çekmeceli,VAR,VAR,5-8 Program,Düşük Tüketim,8749.0, https://cdn.akakce.com/regal/regal-abm-301-x-a-3-programli-inox-ankastre-z.jpg
212,212,Bosch SMS4IKW60T 5,Finlux,Yüksek Kapasite,Solo,Standart Boyut,Çok Önemli,Sepetli,VAR,VAR,2-4 Program,Orta Tüketim,6250.0, https://cdn.akakce.com/z/arcelik/arcelik-6166-bc.jpg
213,213,Silverline D11030B01 6,Vestel,Orta Kapasite,Solo,Standart Boyut,Az Önemli,Çekmeceli,VAR,VAR,5-8 Program,Yüksek Tüketim,4515.0, https://iis-akakce.akamaized.net/p.z?%2F%2Fcdn%2Edsmcdn%2Ecom%2Fty254%2Fproduct%2Fmedia%2Fimages%2F20211125%2F22%2F111861111%2F322305411%2F1%2F1%5Forg%5Fzoom%2Ejpg
214,214,Siemens SN27ZI80DT Wi-Fi,Electrolux,Düşük Kapasite,Solo,Standart Boyut,Az Önemli,Çekmeceli,VAR,VAR,9+,Düşük Tüketim,4292.0, https://cdn.akakce.com/samsung/samsung-dw60m5052fs-tr-a-5-programli-inox-z.jpg
215,215,Vestel BM 6302,Electrolux,Yüksek Kapasite,Ankastre,Standart Boyut,Az Önemli,Sepetli,VAR,VAR,9+,Düşük Tüketim,6342.0, https://cdn.akakce.com/siemens/siemens-sn234w00dt-a-4-programli-z.jpg
216,216,Electrolux ESI5205LOX 5,Bosch,Orta Kapasite,Solo,Standart Boyut,Önemsiz,Sepetli,VAR,VAR,2-4 Program,Yüksek Tüketim,3499.0, https://cdn.akakce.com/arcelik/arcelik-6133-3-programli-z.jpg
217,217,Silverline D11033B01 5,Silverline,Düşük Kapasite,Ankastre,Standart Boyut,Çok Önemli,Sepetli,VAR,VAR,5-8 Program,Yüksek Tüketim,5397.89, https://iis-akakce.akamaized.net/p.z?%2F%2Fwww%2Estarwoodyapimarket%2Ecom%2Fsilverline%2Dbulasik%2Dmakinasi%2Dd11033b01%2D5%2Dpro%2Dsiyah%2Dbulasik%2Dmakinesi%2Dsilverline%2D590933%2D12%2DB%2Ejpg
218,218,Profilo BM4191EG 4,Profilo,Düşük Kapasite,Solo,Standart Boyut,Önemli,Sepetli,VAR,VAR,2-4 Program,Yüksek Tüketim,4491.0, https://iis-akakce.akamaized.net/p.z?%2F%2Fst2%2Emyideasoft%2Ecom%2Fidea%2Fib%2F40%2Fmyassets%2Fproducts%2F016%2Fmcsa02358857%2Di1408%2D1757614%2Dbm4191eg%2Dcmyk%2Ddef%2D1%2Ejpg%3Frevision%3D1617705197
219,219,Hotpoint-Ariston HCD 662,Hotpoint-Ariston,Yüksek Kapasite,Solo,Standart Boyut,Önemli,Sepetli,VAR,VAR,5-8 Program,Düşük Tüketim,4488.0, https://iis-akakce.akamaized.net/p.z?%2F%2Fn11scdn%2Eakamaized%2Enet%2Fa1%2F1024%2Felektronik%2Fbulasik%2Dmakinesi%2Fhotpoint%2Dariston%2Dhcd%2D662%2Deu%2Da%2D5%2Dprogramli%2Dbulasik%2Dmakinesi%5F%5F1580340433268426%2Ejpg
220,220,Siemens SN234I00DT 4,Regal,Düşük Kapasite,Solo,Standart Boyut,Çok Önemli,Çekmeceli,VAR,VAR,2-4 Program,Düşük Tüketim,3455.04, https://iis-akakce.akamaized.net/p.z?%2F%2Fproductimages%2Ehepsiburada%2Enet%2Fs%2F22%2F600%2F9988569727026%2Ejpg
221,221,Vestel BM 9001,Vestel,Yüksek Kapasite,Solo,Standart Boyut,Önemsiz,Sepetli,VAR,VAR,9+,Düşük Tüketim,5951.04, https://cdn.akakce.com/vestel/vestel-bm-9001-cs-gi-pro-9-programli-z.jpg
222,222,Silverline D11039S01 A++,Silverline,Orta Kapasite,Solo,Standart Boyut,Çok Önemli,Çekmeceli,VAR,VAR,9+,Yüksek Tüketim,4289.0, https://iis-akakce.akamaized.net/p.z?%2F%2Fn11scdn%2Eakamaized%2Enet%2Fa1%2F1024%2Felektronik%2Fbulasik%2Dmakinesi%2Fsilverline%2Dd11039s01%2Da%2D13%2Dkisilik%2Dsolo%2Dbulasik%2Dmakinesi%5F%5F0308079629650044%2Ejpg
223,223,Siemens SN636X02MT 6,Siemens,Orta Kapasite,Ankastre,Standart Boyut,Çok Önemli,Çekmeceli,VAR,VAR,5-8 Program,Düşük Tüketim,6999.0, https://iis-akakce.akamaized.net/p.z?%2F%2Fproductimages%2Ehepsiburada%2Enet%2Fs%2F27%2F600%2F10183932149810%2Ejpg
224,224,Bosch SMS67NW00T A++,Bosch,Orta Kapasite,Solo,Standart Boyut,Çok Önemli,Sepetli,VAR,VAR,5-8 Program,Düşük Tüketim,9456.0, https://iis-akakce.akamaized.net/p.z?%2F%2Fproductimages%2Ehepsiburada%2Enet%2Fs%2F20%2F600%2F9872887447602%2Ejpg
225,225,Profilo BM4320EG 4,Dominox,Düşük Kapasite,Ankastre,Standart Boyut,Önemli,Çekmeceli,VAR,VAR,5-8 Program,Düşük Tüketim,4289.0, https://cdn.akakce.com/arcelik/arcelik-ab-240-tam-ankastre-z.jpg
226,226,Bosch SGS4IKI61T 6,Bosch,Orta Kapasite,Solo,Standart Boyut,Önemsiz,Sepetli,VAR,VAR,5-8 Program,Düşük Tüketim,7790.0, https://iis-akakce.akamaized.net/p.z?%2F%2Fwww%2Etayhanbeyazesya%2Ecom%2FUploads%2FUrunResimleri%2Fboschsgs4iki61tbosch%2Dsgs4iki61t%2Dserie%2D%2Daa6b%2D5%2Epng
227,227,Siemens SN25EI80AT Wi-Fi,Beko,Orta Kapasite,Solo,Standart Boyut,Çok Önemli,Sepetli,VAR,VAR,9+,Orta Tüketim,3936.0, https://cdn.akakce.com/vestel/vestel-bm-5301-a-5-programli-z.jpg
228,228,Bosch 6 Programlı,Bosch,Yüksek Kapasite,Ankastre,Standart Boyut,Önemli,Çekmeceli,VAR,VAR,9+,Yüksek Tüketim,6499.0, https://iis-akakce.akamaized.net/p.z?%2F%2Fcdn%2Edsmcdn%2Ecom%2Fty87%2Fproduct%2Fmedia%2Fimages%2F20210318%2F14%2F73358529%2F154714007%2F1%2F1%5Forg%5Fzoom%2Ejpg
229,229,Arçelik 6060 6,Arçelik,Düşük Kapasite,Ankastre,Standart Boyut,Önemli,Sepetli,VAR,VAR,5-8 Program,Düşük Tüketim,6199.0, https://iis-akakce.akamaized.net/p.z?%2F%2Fst2%2Emyideasoft%2Ecom%2Fidea%2Faj%2F93%2Fmyassets%2Fproducts%2F947%2F6060%2Dmini%5Fmin%2Epng%3Frevision%3D1611219596
230,230,Profilo EG A+,Profilo,Orta Kapasite,Solo,Standart Boyut,Önemli,Çekmeceli,VAR,VAR,5-8 Program,Orta Tüketim,5056.0, https://iis-akakce.akamaized.net/p.z?%2F%2Fcdn%2Edsmcdn%2Ecom%2Fty65%2Fproduct%2Fmedia%2Fimages%2F20210204%2F11%2F59873930%2F21575989%2F1%2F1%5Forg%5Fzoom%2Ejpg
231,231,Beko BMA 6140,Beko,Yüksek Kapasite,Ankastre,Standart Boyut,Çok Önemli,Sepetli,VAR,VAR,5-8 Program,Yüksek Tüketim,4800.0, https://iis-akakce.akamaized.net/p.z?%2F%2Fst3%2Emyideasoft%2Ecom%2Fshop%2Fcd%2F37%2Fmyassets%2Fproducts%2F087%2F11%2Ejpg%3Frevision%3D1598250906
232,232,Bosch SGS4EKW60T 6,Samsung,Yüksek Kapasite,Ankastre,Standart Boyut,Az Önemli,Sepetli,VAR,VAR,5-8 Program,Düşük Tüketim,7599.0, https://iis-akakce.akamaized.net/p.z?%2F%2Fst2%2Emyideasoft%2Ecom%2Fidea%2Fdr%2F49%2Fmyassets%2Fproducts%2F615%2Fsgs4eki60t%2Ejpg%3Frevision%3D1636704712
233,233,Vestel BM-500 Retro,Vestel,Düşük Kapasite,Solo,Standart Boyut,Çok Önemli,Sepetli,VAR,VAR,5-8 Program,Düşük Tüketim,5759.04, https://iis-akakce.akamaized.net/p.z?%2F%2Fproductimages%2Ehepsiburada%2Enet%2Fs%2F47%2F600%2F10904368054322%2Ejpg
234,234,Dominox DDWS 712,Dominox,Düşük Kapasite,Ankastre,Standart Boyut,Çok Önemli,Çekmeceli,VAR,VAR,5-8 Program,Yüksek Tüketim,6000.0, https://iis-akakce.akamaized.net/p.z?%2F%2Fcdn%2Edsmcdn%2Ecom%2Fty139%2Fproduct%2Fmedia%2Fimages%2F20210705%2F12%2F107200094%2F15732666%2F1%2F1%5Forg%5Fzoom%2Ejpg
235,235,Vestel BM-802 X,Vestel,Düşük Kapasite,Solo,Standart Boyut,Çok Önemli,Sepetli,VAR,VAR,5-8 Program,Düşük Tüketim,4474.99, https://iis-akakce.akamaized.net/p.z?%2F%2Fn11scdn%2Eakamaized%2Enet%2Fa1%2F1024%2Felektronik%2Fbulasik%2Dmakinesi%2Fvestel%2Dbm%2D802%2Dx%2Da%2D8%2Dprogramli%2D12%2Dkisilik%2Dbulasik%2Dmakinesi%5F%5F1531856086954079%2Ejpg
236,236,Beko BMA 6302,Beko,Yüksek Kapasite,Ankastre,Standart Boyut,Önemli,Sepetli,VAR,VAR,5-8 Program,Orta Tüketim,4750.0, https://iis-akakce.akamaized.net/p.z?%2F%2Fst1%2Emyideasoft%2Ecom%2Fshop%2Fcd%2F37%2Fmyassets%2Fproducts%2F815%2F6302%2Dfl%2Doptimized%2Ejpg%3Frevision%3D1566476957
237,237,Silverline D11040W01 5,Silverline,Orta Kapasite,Solo,Standart Boyut,Önemli,Sepetli,VAR,VAR,5-8 Program,Düşük Tüketim,4150.0, https://cdn.akakce.com/silverline/silverline-d11040w01-a-5-programli-z.jpg
238,238,LG DFB512FP Quadwash,LG,Yüksek Kapasite,Solo,Standart Boyut,Çok Önemli,Sepetli,VAR,VAR,2-4 Program,Düşük Tüketim,7583.04, https://cdn.akakce.com/lg/lg-dfb512fp-quadwash-a-inox-z.jpg
239,239,Siemens SE23EI60KT Bulaşık,Siemens,Düşük Kapasite,Ankastre,Standart Boyut,Önemli,Çekmeceli,VAR,VAR,5-8 Program,Düşük Tüketim,7924.88, https://iis-akakce.akamaized.net/p.z?%2F%2Fn11scdn%2Eakamaized%2Enet%2Fa1%2F1024%2Felektronik%2Fbulasik%2Dmakinesi%2Fsiemens%2Dse23ei60kt%2D51%2Dprogramli%2D12%2Dkisilik%2Dbulasik%2Dmakinesi%5F%5F0466131980115518%2Ejpg
240,240,Bosch SMV4IMX60T Wi-Fi,Bosch,Orta Kapasite,Ankastre,Standart Boyut,Önemsiz,Çekmeceli,VAR,VAR,5-8 Program,Düşük Tüketim,6750.0, https://iis-akakce.akamaized.net/p.z?%2F%2Fst2%2Emyideasoft%2Ecom%2Fidea%2Fdr%2F49%2Fmyassets%2Fproducts%2F619%2Findir%2D5%2Ejpg%3Frevision%3D1638602751
241,241,Profilo BM5321MA A+,Profilo,Orta Kapasite,Solo,Standart Boyut,Önemli,Çekmeceli,VAR,VAR,5-8 Program,Düşük Tüketim,5999.0, https://iis-akakce.akamaized.net/p.z?%2F%2Fn11scdn%2Eakamaized%2Enet%2Fa1%2F1024%2Felektronik%2Fbulasik%2Dmakinesi%2Fprofilo%2Dbm5321ma%2D4%2Dprogram%2D13%2Dkisilik%2Da%2Dbulasik%2Dmakinesi%5F%5F0750523514709778%2Ejpg
242,242,Profilo BM4285EG 4,Profilo,Yüksek Kapasite,Solo,Standart Boyut,Önemli,Çekmeceli,VAR,VAR,2-4 Program,Orta Tüketim,5182.85, https://iis-akakce.akamaized.net/p.z?%2F%2Fproductimages%2Ehepsiburada%2Enet%2Fs%2F20%2F600%2F9872887676978%2Ejpg
